SERIES,DESCRIPTION
IUDBEDR,Official Bank Rate

DATE,IUDBEDR
01 Jun 1995,6.625
02 Jun 1995,6.625
05 Jun 1995,6.625
06 Jun 1995,6.625
07 Jun 1995,6.625
08 Jun 1995,6.625
09 Jun 1995,6.625
12 Jun 1995,6.625
13 Jun 1995,6.625
14 Jun 1995,6.625
15 Jun 1995,6.625
16 Jun 1995,6.625
19 Jun 1995,6.625
20 Jun 1995,6.625
21 Jun 1995,6.625
22 Jun 1995,6.625
23 Jun 1995,6.625
26 Jun 1995,6.625
27 Jun 1995,6.625
28 Jun 1995,6.625
29 Jun 1995,6.625
30 Jun 1995,6.625
03 Jul 1995,6.625
04 Jul 1995,6.625
05 Jul 1995,6.625
06 Jul 1995,6.625
07 Jul 1995,6.625
10 Jul 1995,6.625
11 Jul 1995,6.625
12 Jul 1995,6.625
13 Jul 1995,6.625
14 Jul 1995,6.625
17 Jul 1995,6.625
18 Jul 1995,6.625
19 Jul 1995,6.625
20 Jul 1995,6.625
21 Jul 1995,6.625
24 Jul 1995,6.625
25 Jul 1995,6.625
26 Jul 1995,6.625
27 Jul 1995,6.625
28 Jul 1995,6.625
31 Jul 1995,6.625
01 Aug 1995,6.625
02 Aug 1995,6.625
03 Aug 1995,6.625
04 Aug 1995,6.625
07 Aug 1995,6.625
08 Aug 1995,6.625
09 Aug 1995,6.625
10 Aug 1995,6.625
11 Aug 1995,6.625
14 Aug 1995,6.625
15 Aug 1995,6.625
16 Aug 1995,6.625
17 Aug 1995,6.625
18 Aug 1995,6.625
21 Aug 1995,6.625
22 Aug 1995,6.625
23 Aug 1995,6.625
24 Aug 1995,6.625
25 Aug 1995,6.625
29 Aug 1995,6.625
30 Aug 1995,6.625
31 Aug 1995,6.625
01 Sep 1995,6.625
04 Sep 1995,6.625
05 Sep 1995,6.625
06 Sep 1995,6.625
07 Sep 1995,6.625
08 Sep 1995,6.625
11 Sep 1995,6.625
12 Sep 1995,6.625
13 Sep 1995,6.625
14 Sep 1995,6.625
15 Sep 1995,6.625
18 Sep 1995,6.625
19 Sep 1995,6.625
20 Sep 1995,6.625
21 Sep 1995,6.625
22 Sep 1995,6.625
25 Sep 1995,6.625
26 Sep 1995,6.625
27 Sep 1995,6.625
28 Sep 1995,6.625
29 Sep 1995,6.625
02 Oct 1995,6.625
03 Oct 1995,6.625
04 Oct 1995,6.625
05 Oct 1995,6.625
06 Oct 1995,6.625
09 Oct 1995,6.625
10 Oct 1995,6.625
11 Oct 1995,6.625
12 Oct 1995,6.625
13 Oct 1995,6.625
16 Oct 1995,6.625
17 Oct 1995,6.625
18 Oct 1995,6.625
19 Oct 1995,6.625
20 Oct 1995,6.625
23 Oct 1995,6.625
24 Oct 1995,6.625
25 Oct 1995,6.625
26 Oct 1995,6.625
27 Oct 1995,6.625
30 Oct 1995,6.625
31 Oct 1995,6.625
01 Nov 1995,6.625
02 Nov 1995,6.625
03 Nov 1995,6.625
06 Nov 1995,6.625
07 Nov 1995,6.625
08 Nov 1995,6.625
09 Nov 1995,6.625
10 Nov 1995,6.625
13 Nov 1995,6.625
14 Nov 1995,6.625
15 Nov 1995,6.625
16 Nov 1995,6.625
17 Nov 1995,6.625
20 Nov 1995,6.625
21 Nov 1995,6.625
22 Nov 1995,6.625
23 Nov 1995,6.625
24 Nov 1995,6.625
27 Nov 1995,6.625
28 Nov 1995,6.625
29 Nov 1995,6.625
30 Nov 1995,6.625
01 Dec 1995,6.625
04 Dec 1995,6.625
05 Dec 1995,6.625
06 Dec 1995,6.625
07 Dec 1995,6.625
08 Dec 1995,6.625
11 Dec 1995,6.625
12 Dec 1995,6.625
13 Dec 1995,6.375
14 Dec 1995,6.375
15 Dec 1995,6.375
18 Dec 1995,6.375
19 Dec 1995,6.375
20 Dec 1995,6.375
21 Dec 1995,6.375
22 Dec 1995,6.375
27 Dec 1995,6.375
28 Dec 1995,6.375
29 Dec 1995,6.375
02 Jan 1996,6.375
03 Jan 1996,6.375
04 Jan 1996,6.375
05 Jan 1996,6.375
08 Jan 1996,6.375
09 Jan 1996,6.375
10 Jan 1996,6.375
11 Jan 1996,6.375
12 Jan 1996,6.375
15 Jan 1996,6.375
16 Jan 1996,6.375
17 Jan 1996,6.375
18 Jan 1996,6.125
19 Jan 1996,6.125
22 Jan 1996,6.125
23 Jan 1996,6.125
24 Jan 1996,6.125
25 Jan 1996,6.125
26 Jan 1996,6.125
29 Jan 1996,6.125
30 Jan 1996,6.125
31 Jan 1996,6.125
01 Feb 1996,6.125
02 Feb 1996,6.125
05 Feb 1996,6.125
06 Feb 1996,6.125
07 Feb 1996,6.125
08 Feb 1996,6.125
09 Feb 1996,6.125
12 Feb 1996,6.125
13 Feb 1996,6.125
14 Feb 1996,6.125
15 Feb 1996,6.125
16 Feb 1996,6.125
19 Feb 1996,6.125
20 Feb 1996,6.125
21 Feb 1996,6.125
22 Feb 1996,6.125
23 Feb 1996,6.125
26 Feb 1996,6.125
27 Feb 1996,6.125
28 Feb 1996,6.125
29 Feb 1996,6.125
01 Mar 1996,6.125
04 Mar 1996,6.125
05 Mar 1996,6.125
06 Mar 1996,6.125
07 Mar 1996,6.125
08 Mar 1996,5.9375
11 Mar 1996,5.9375
12 Mar 1996,5.9375
13 Mar 1996,5.9375
14 Mar 1996,5.9375
15 Mar 1996,5.9375
18 Mar 1996,5.9375
19 Mar 1996,5.9375
20 Mar 1996,5.9375
21 Mar 1996,5.9375
22 Mar 1996,5.9375
25 Mar 1996,5.9375
26 Mar 1996,5.9375
27 Mar 1996,5.9375
28 Mar 1996,5.9375
29 Mar 1996,5.9375
01 Apr 1996,5.9375
02 Apr 1996,5.9375
03 Apr 1996,5.9375
04 Apr 1996,5.9375
09 Apr 1996,5.9375
10 Apr 1996,5.9375
11 Apr 1996,5.9375
12 Apr 1996,5.9375
15 Apr 1996,5.9375
16 Apr 1996,5.9375
17 Apr 1996,5.9375
18 Apr 1996,5.9375
19 Apr 1996,5.9375
22 Apr 1996,5.9375
23 Apr 1996,5.9375
24 Apr 1996,5.9375
25 Apr 1996,5.9375
26 Apr 1996,5.9375
29 Apr 1996,5.9375
30 Apr 1996,5.9375
01 May 1996,5.9375
02 May 1996,5.9375
03 May 1996,5.9375
07 May 1996,5.9375
08 May 1996,5.9375
09 May 1996,5.9375
10 May 1996,5.9375
13 May 1996,5.9375
14 May 1996,5.9375
15 May 1996,5.9375
16 May 1996,5.9375
17 May 1996,5.9375
20 May 1996,5.9375
21 May 1996,5.9375
22 May 1996,5.9375
23 May 1996,5.9375
24 May 1996,5.9375
28 May 1996,5.9375
29 May 1996,5.9375
30 May 1996,5.9375
31 May 1996,5.9375
03 Jun 1996,5.9375
04 Jun 1996,5.9375
05 Jun 1996,5.9375
06 Jun 1996,5.6875
07 Jun 1996,5.6875
10 Jun 1996,5.6875
11 Jun 1996,5.6875
12 Jun 1996,5.6875
13 Jun 1996,5.6875
14 Jun 1996,5.6875
17 Jun 1996,5.6875
18 Jun 1996,5.6875
19 Jun 1996,5.6875
20 Jun 1996,5.6875
21 Jun 1996,5.6875
24 Jun 1996,5.6875
25 Jun 1996,5.6875
26 Jun 1996,5.6875
27 Jun 1996,5.6875
28 Jun 1996,5.6875
01 Jul 1996,5.6875
02 Jul 1996,5.6875
03 Jul 1996,5.6875
04 Jul 1996,5.6875
05 Jul 1996,5.6875
08 Jul 1996,5.6875
09 Jul 1996,5.6875
10 Jul 1996,5.6875
11 Jul 1996,5.6875
12 Jul 1996,5.6875
15 Jul 1996,5.6875
16 Jul 1996,5.6875
17 Jul 1996,5.6875
18 Jul 1996,5.6875
19 Jul 1996,5.6875
22 Jul 1996,5.6875
23 Jul 1996,5.6875
24 Jul 1996,5.6875
25 Jul 1996,5.6875
26 Jul 1996,5.6875
29 Jul 1996,5.6875
30 Jul 1996,5.6875
31 Jul 1996,5.6875
01 Aug 1996,5.6875
02 Aug 1996,5.6875
05 Aug 1996,5.6875
06 Aug 1996,5.6875
07 Aug 1996,5.6875
08 Aug 1996,5.6875
09 Aug 1996,5.6875
12 Aug 1996,5.6875
13 Aug 1996,5.6875
14 Aug 1996,5.6875
15 Aug 1996,5.6875
16 Aug 1996,5.6875
19 Aug 1996,5.6875
20 Aug 1996,5.6875
21 Aug 1996,5.6875
22 Aug 1996,5.6875
23 Aug 1996,5.6875
27 Aug 1996,5.6875
28 Aug 1996,5.6875
29 Aug 1996,5.6875
30 Aug 1996,5.6875
02 Sep 1996,5.6875
03 Sep 1996,5.6875
04 Sep 1996,5.6875
05 Sep 1996,5.6875
06 Sep 1996,5.6875
09 Sep 1996,5.6875
10 Sep 1996,5.6875
11 Sep 1996,5.6875
12 Sep 1996,5.6875
13 Sep 1996,5.6875
16 Sep 1996,5.6875
17 Sep 1996,5.6875
18 Sep 1996,5.6875
19 Sep 1996,5.6875
20 Sep 1996,5.6875
23 Sep 1996,5.6875
24 Sep 1996,5.6875
25 Sep 1996,5.6875
26 Sep 1996,5.6875
27 Sep 1996,5.6875
30 Sep 1996,5.6875
01 Oct 1996,5.6875
02 Oct 1996,5.6875
03 Oct 1996,5.6875
04 Oct 1996,5.6875
07 Oct 1996,5.6875
08 Oct 1996,5.6875
09 Oct 1996,5.6875
10 Oct 1996,5.6875
11 Oct 1996,5.6875
14 Oct 1996,5.6875
15 Oct 1996,5.6875
16 Oct 1996,5.6875
17 Oct 1996,5.6875
18 Oct 1996,5.6875
21 Oct 1996,5.6875
22 Oct 1996,5.6875
23 Oct 1996,5.6875
24 Oct 1996,5.6875
25 Oct 1996,5.6875
28 Oct 1996,5.6875
29 Oct 1996,5.6875
30 Oct 1996,5.9375
31 Oct 1996,5.9375
01 Nov 1996,5.9375
04 Nov 1996,5.9375
05 Nov 1996,5.9375
06 Nov 1996,5.9375
07 Nov 1996,5.9375
08 Nov 1996,5.9375
11 Nov 1996,5.9375
12 Nov 1996,5.9375
13 Nov 1996,5.9375
14 Nov 1996,5.9375
15 Nov 1996,5.9375
18 Nov 1996,5.9375
19 Nov 1996,5.9375
20 Nov 1996,5.9375
21 Nov 1996,5.9375
22 Nov 1996,5.9375
25 Nov 1996,5.9375
26 Nov 1996,5.9375
27 Nov 1996,5.9375
28 Nov 1996,5.9375
29 Nov 1996,5.9375
02 Dec 1996,5.9375
03 Dec 1996,5.9375
04 Dec 1996,5.9375
05 Dec 1996,5.9375
06 Dec 1996,5.9375
09 Dec 1996,5.9375
10 Dec 1996,5.9375
11 Dec 1996,5.9375
12 Dec 1996,5.9375
13 Dec 1996,5.9375
16 Dec 1996,5.9375
17 Dec 1996,5.9375
18 Dec 1996,5.9375
19 Dec 1996,5.9375
20 Dec 1996,5.9375
23 Dec 1996,5.9375
24 Dec 1996,5.9375
27 Dec 1996,5.9375
30 Dec 1996,5.9375
31 Dec 1996,5.9375
02 Jan 1997,5.9375
03 Jan 1997,5.9375
06 Jan 1997,5.9375
07 Jan 1997,5.9375
08 Jan 1997,5.9375
09 Jan 1997,5.9375
10 Jan 1997,5.9375
13 Jan 1997,5.9375
14 Jan 1997,5.9375
15 Jan 1997,5.9375
16 Jan 1997,5.9375
17 Jan 1997,5.9375
20 Jan 1997,5.9375
21 Jan 1997,5.9375
22 Jan 1997,5.9375
23 Jan 1997,5.9375
24 Jan 1997,5.9375
27 Jan 1997,5.9375
28 Jan 1997,5.9375
29 Jan 1997,5.9375
30 Jan 1997,5.9375
31 Jan 1997,5.9375
03 Feb 1997,5.9375
04 Feb 1997,5.9375
05 Feb 1997,5.9375
06 Feb 1997,5.9375
07 Feb 1997,5.9375
10 Feb 1997,5.9375
11 Feb 1997,5.9375
12 Feb 1997,5.9375
13 Feb 1997,5.9375
14 Feb 1997,5.9375
17 Feb 1997,5.9375
18 Feb 1997,5.9375
19 Feb 1997,5.9375
20 Feb 1997,5.9375
21 Feb 1997,5.9375
24 Feb 1997,5.9375
25 Feb 1997,5.9375
26 Feb 1997,5.9375
27 Feb 1997,5.9375
28 Feb 1997,5.9375
03 Mar 1997,5.9375
04 Mar 1997,5.9375
05 Mar 1997,5.9375
06 Mar 1997,5.9375
07 Mar 1997,5.9375
10 Mar 1997,5.9375
11 Mar 1997,5.9375
12 Mar 1997,5.9375
13 Mar 1997,5.9375
14 Mar 1997,5.9375
17 Mar 1997,5.9375
18 Mar 1997,5.9375
19 Mar 1997,5.9375
20 Mar 1997,5.9375
21 Mar 1997,5.9375
24 Mar 1997,5.9375
25 Mar 1997,5.9375
26 Mar 1997,5.9375
27 Mar 1997,5.9375
01 Apr 1997,5.9375
02 Apr 1997,5.9375
03 Apr 1997,5.9375
04 Apr 1997,5.9375
07 Apr 1997,5.9375
08 Apr 1997,5.9375
09 Apr 1997,5.9375
10 Apr 1997,5.9375
11 Apr 1997,5.9375
14 Apr 1997,5.9375
15 Apr 1997,5.9375
16 Apr 1997,5.9375
17 Apr 1997,5.9375
18 Apr 1997,5.9375
21 Apr 1997,5.9375
22 Apr 1997,5.9375
23 Apr 1997,5.9375
24 Apr 1997,5.9375
25 Apr 1997,5.9375
28 Apr 1997,5.9375
29 Apr 1997,5.9375
30 Apr 1997,5.9375
01 May 1997,5.9375
02 May 1997,5.9375
06 May 1997,6.25
07 May 1997,6.25
08 May 1997,6.25
09 May 1997,6.25
12 May 1997,6.25
13 May 1997,6.25
14 May 1997,6.25
15 May 1997,6.25
16 May 1997,6.25
19 May 1997,6.25
20 May 1997,6.25
21 May 1997,6.25
22 May 1997,6.25
23 May 1997,6.25
27 May 1997,6.25
28 May 1997,6.25
29 May 1997,6.25
30 May 1997,6.25
02 Jun 1997,6.25
03 Jun 1997,6.25
04 Jun 1997,6.25
05 Jun 1997,6.25
06 Jun 1997,6.5
09 Jun 1997,6.5
10 Jun 1997,6.5
11 Jun 1997,6.5
12 Jun 1997,6.5
13 Jun 1997,6.5
16 Jun 1997,6.5
17 Jun 1997,6.5
18 Jun 1997,6.5
19 Jun 1997,6.5
20 Jun 1997,6.5
23 Jun 1997,6.5
24 Jun 1997,6.5
25 Jun 1997,6.5
26 Jun 1997,6.5
27 Jun 1997,6.5
30 Jun 1997,6.5
01 Jul 1997,6.5
02 Jul 1997,6.5
03 Jul 1997,6.5
04 Jul 1997,6.5
07 Jul 1997,6.5
08 Jul 1997,6.5
09 Jul 1997,6.5
10 Jul 1997,6.75
11 Jul 1997,6.75
14 Jul 1997,6.75
15 Jul 1997,6.75
16 Jul 1997,6.75
17 Jul 1997,6.75
18 Jul 1997,6.75
21 Jul 1997,6.75
22 Jul 1997,6.75
23 Jul 1997,6.75
24 Jul 1997,6.75
25 Jul 1997,6.75
28 Jul 1997,6.75
29 Jul 1997,6.75
30 Jul 1997,6.75
31 Jul 1997,6.75
01 Aug 1997,6.75
04 Aug 1997,6.75
05 Aug 1997,6.75
06 Aug 1997,6.75
07 Aug 1997,7
08 Aug 1997,7
11 Aug 1997,7
12 Aug 1997,7
13 Aug 1997,7
14 Aug 1997,7
15 Aug 1997,7
18 Aug 1997,7
19 Aug 1997,7
20 Aug 1997,7
21 Aug 1997,7
22 Aug 1997,7
26 Aug 1997,7
27 Aug 1997,7
28 Aug 1997,7
29 Aug 1997,7
01 Sep 1997,7
02 Sep 1997,7
03 Sep 1997,7
04 Sep 1997,7
05 Sep 1997,7
08 Sep 1997,7
09 Sep 1997,7
10 Sep 1997,7
11 Sep 1997,7
12 Sep 1997,7
15 Sep 1997,7
16 Sep 1997,7
17 Sep 1997,7
18 Sep 1997,7
19 Sep 1997,7
22 Sep 1997,7
23 Sep 1997,7
24 Sep 1997,7
25 Sep 1997,7
26 Sep 1997,7
29 Sep 1997,7
30 Sep 1997,7
01 Oct 1997,7
02 Oct 1997,7
03 Oct 1997,7
06 Oct 1997,7
07 Oct 1997,7
08 Oct 1997,7
09 Oct 1997,7
10 Oct 1997,7
13 Oct 1997,7
14 Oct 1997,7
15 Oct 1997,7
16 Oct 1997,7
17 Oct 1997,7
20 Oct 1997,7
21 Oct 1997,7
22 Oct 1997,7
23 Oct 1997,7
24 Oct 1997,7
27 Oct 1997,7
28 Oct 1997,7
29 Oct 1997,7
30 Oct 1997,7
31 Oct 1997,7
03 Nov 1997,7
04 Nov 1997,7
05 Nov 1997,7
06 Nov 1997,7.25
07 Nov 1997,7.25
10 Nov 1997,7.25
11 Nov 1997,7.25
12 Nov 1997,7.25
13 Nov 1997,7.25
14 Nov 1997,7.25
17 Nov 1997,7.25
18 Nov 1997,7.25
19 Nov 1997,7.25
20 Nov 1997,7.25
21 Nov 1997,7.25
24 Nov 1997,7.25
25 Nov 1997,7.25
26 Nov 1997,7.25
27 Nov 1997,7.25
28 Nov 1997,7.25
01 Dec 1997,7.25
02 Dec 1997,7.25
03 Dec 1997,7.25
04 Dec 1997,7.25
05 Dec 1997,7.25
08 Dec 1997,7.25
09 Dec 1997,7.25
10 Dec 1997,7.25
11 Dec 1997,7.25
12 Dec 1997,7.25
15 Dec 1997,7.25
16 Dec 1997,7.25
17 Dec 1997,7.25
18 Dec 1997,7.25
19 Dec 1997,7.25
22 Dec 1997,7.25
23 Dec 1997,7.25
24 Dec 1997,7.25
29 Dec 1997,7.25
30 Dec 1997,7.25
31 Dec 1997,7.25
02 Jan 1998,7.25
05 Jan 1998,7.25
06 Jan 1998,7.25
07 Jan 1998,7.25
08 Jan 1998,7.25
09 Jan 1998,7.25
12 Jan 1998,7.25
13 Jan 1998,7.25
14 Jan 1998,7.25
15 Jan 1998,7.25
16 Jan 1998,7.25
19 Jan 1998,7.25
20 Jan 1998,7.25
21 Jan 1998,7.25
22 Jan 1998,7.25
23 Jan 1998,7.25
26 Jan 1998,7.25
27 Jan 1998,7.25
28 Jan 1998,7.25
29 Jan 1998,7.25
30 Jan 1998,7.25
02 Feb 1998,7.25
03 Feb 1998,7.25
04 Feb 1998,7.25
05 Feb 1998,7.25
06 Feb 1998,7.25
09 Feb 1998,7.25
10 Feb 1998,7.25
11 Feb 1998,7.25
12 Feb 1998,7.25
13 Feb 1998,7.25
16 Feb 1998,7.25
17 Feb 1998,7.25
18 Feb 1998,7.25
19 Feb 1998,7.25
20 Feb 1998,7.25
23 Feb 1998,7.25
24 Feb 1998,7.25
25 Feb 1998,7.25
26 Feb 1998,7.25
27 Feb 1998,7.25
02 Mar 1998,7.25
03 Mar 1998,7.25
04 Mar 1998,7.25
05 Mar 1998,7.25
06 Mar 1998,7.25
09 Mar 1998,7.25
10 Mar 1998,7.25
11 Mar 1998,7.25
12 Mar 1998,7.25
13 Mar 1998,7.25
16 Mar 1998,7.25
17 Mar 1998,7.25
18 Mar 1998,7.25
19 Mar 1998,7.25
20 Mar 1998,7.25
23 Mar 1998,7.25
24 Mar 1998,7.25
25 Mar 1998,7.25
26 Mar 1998,7.25
27 Mar 1998,7.25
30 Mar 1998,7.25
31 Mar 1998,7.25
01 Apr 1998,7.25
02 Apr 1998,7.25
03 Apr 1998,7.25
06 Apr 1998,7.25
07 Apr 1998,7.25
08 Apr 1998,7.25
09 Apr 1998,7.25
14 Apr 1998,7.25
15 Apr 1998,7.25
16 Apr 1998,7.25
17 Apr 1998,7.25
20 Apr 1998,7.25
21 Apr 1998,7.25
22 Apr 1998,7.25
23 Apr 1998,7.25
24 Apr 1998,7.25
27 Apr 1998,7.25
28 Apr 1998,7.25
29 Apr 1998,7.25
30 Apr 1998,7.25
01 May 1998,7.25
05 May 1998,7.25
06 May 1998,7.25
07 May 1998,7.25
08 May 1998,7.25
11 May 1998,7.25
12 May 1998,7.25
13 May 1998,7.25
14 May 1998,7.25
15 May 1998,7.25
18 May 1998,7.25
19 May 1998,7.25
20 May 1998,7.25
21 May 1998,7.25
22 May 1998,7.25
26 May 1998,7.25
27 May 1998,7.25
28 May 1998,7.25
29 May 1998,7.25
01 Jun 1998,7.25
02 Jun 1998,7.25
03 Jun 1998,7.25
04 Jun 1998,7.5
05 Jun 1998,7.5
08 Jun 1998,7.5
09 Jun 1998,7.5
10 Jun 1998,7.5
11 Jun 1998,7.5
12 Jun 1998,7.5
15 Jun 1998,7.5
16 Jun 1998,7.5
17 Jun 1998,7.5
18 Jun 1998,7.5
19 Jun 1998,7.5
22 Jun 1998,7.5
23 Jun 1998,7.5
24 Jun 1998,7.5
25 Jun 1998,7.5
26 Jun 1998,7.5
29 Jun 1998,7.5
30 Jun 1998,7.5
01 Jul 1998,7.5
02 Jul 1998,7.5
03 Jul 1998,7.5
06 Jul 1998,7.5
07 Jul 1998,7.5
08 Jul 1998,7.5
09 Jul 1998,7.5
10 Jul 1998,7.5
13 Jul 1998,7.5
14 Jul 1998,7.5
15 Jul 1998,7.5
16 Jul 1998,7.5
17 Jul 1998,7.5
20 Jul 1998,7.5
21 Jul 1998,7.5
22 Jul 1998,7.5
23 Jul 1998,7.5
24 Jul 1998,7.5
27 Jul 1998,7.5
28 Jul 1998,7.5
29 Jul 1998,7.5
30 Jul 1998,7.5
31 Jul 1998,7.5
03 Aug 1998,7.5
04 Aug 1998,7.5
05 Aug 1998,7.5
06 Aug 1998,7.5
07 Aug 1998,7.5
10 Aug 1998,7.5
11 Aug 1998,7.5
12 Aug 1998,7.5
13 Aug 1998,7.5
14 Aug 1998,7.5
17 Aug 1998,7.5
18 Aug 1998,7.5
19 Aug 1998,7.5
20 Aug 1998,7.5
21 Aug 1998,7.5
24 Aug 1998,7.5
25 Aug 1998,7.5
26 Aug 1998,7.5
27 Aug 1998,7.5
28 Aug 1998,7.5
01 Sep 1998,7.5
02 Sep 1998,7.5
03 Sep 1998,7.5
04 Sep 1998,7.5
07 Sep 1998,7.5
08 Sep 1998,7.5
09 Sep 1998,7.5
10 Sep 1998,7.5
11 Sep 1998,7.5
14 Sep 1998,7.5
15 Sep 1998,7.5
16 Sep 1998,7.5
17 Sep 1998,7.5
18 Sep 1998,7.5
21 Sep 1998,7.5
22 Sep 1998,7.5
23 Sep 1998,7.5
24 Sep 1998,7.5
25 Sep 1998,7.5
28 Sep 1998,7.5
29 Sep 1998,7.5
30 Sep 1998,7.5
01 Oct 1998,7.5
02 Oct 1998,7.5
05 Oct 1998,7.5
06 Oct 1998,7.5
07 Oct 1998,7.5
08 Oct 1998,7.25
09 Oct 1998,7.25
12 Oct 1998,7.25
13 Oct 1998,7.25
14 Oct 1998,7.25
15 Oct 1998,7.25
16 Oct 1998,7.25
19 Oct 1998,7.25
20 Oct 1998,7.25
21 Oct 1998,7.25
22 Oct 1998,7.25
23 Oct 1998,7.25
26 Oct 1998,7.25
27 Oct 1998,7.25
28 Oct 1998,7.25
29 Oct 1998,7.25
30 Oct 1998,7.25
02 Nov 1998,7.25
03 Nov 1998,7.25
04 Nov 1998,7.25
05 Nov 1998,6.75
06 Nov 1998,6.75
09 Nov 1998,6.75
10 Nov 1998,6.75
11 Nov 1998,6.75
12 Nov 1998,6.75
13 Nov 1998,6.75
16 Nov 1998,6.75
17 Nov 1998,6.75
18 Nov 1998,6.75
19 Nov 1998,6.75
20 Nov 1998,6.75
23 Nov 1998,6.75
24 Nov 1998,6.75
25 Nov 1998,6.75
26 Nov 1998,6.75
27 Nov 1998,6.75
30 Nov 1998,6.75
01 Dec 1998,6.75
02 Dec 1998,6.75
03 Dec 1998,6.75
04 Dec 1998,6.75
07 Dec 1998,6.75
08 Dec 1998,6.75
09 Dec 1998,6.75
10 Dec 1998,6.25
11 Dec 1998,6.25
14 Dec 1998,6.25
15 Dec 1998,6.25
16 Dec 1998,6.25
17 Dec 1998,6.25
18 Dec 1998,6.25
21 Dec 1998,6.25
22 Dec 1998,6.25
23 Dec 1998,6.25
24 Dec 1998,6.25
29 Dec 1998,6.25
30 Dec 1998,6.25
31 Dec 1998,6.25
04 Jan 1999,6.25
05 Jan 1999,6.25
06 Jan 1999,6.25
07 Jan 1999,6
08 Jan 1999,6
11 Jan 1999,6
12 Jan 1999,6
13 Jan 1999,6
14 Jan 1999,6
15 Jan 1999,6
18 Jan 1999,6
19 Jan 1999,6
20 Jan 1999,6
21 Jan 1999,6
22 Jan 1999,6
25 Jan 1999,6
26 Jan 1999,6
27 Jan 1999,6
28 Jan 1999,6
29 Jan 1999,6
01 Feb 1999,6
02 Feb 1999,6
03 Feb 1999,6
04 Feb 1999,5.5
05 Feb 1999,5.5
08 Feb 1999,5.5
09 Feb 1999,5.5
10 Feb 1999,5.5
11 Feb 1999,5.5
12 Feb 1999,5.5
15 Feb 1999,5.5
16 Feb 1999,5.5
17 Feb 1999,5.5
18 Feb 1999,5.5
19 Feb 1999,5.5
22 Feb 1999,5.5
23 Feb 1999,5.5
24 Feb 1999,5.5
25 Feb 1999,5.5
26 Feb 1999,5.5
01 Mar 1999,5.5
02 Mar 1999,5.5
03 Mar 1999,5.5
04 Mar 1999,5.5
05 Mar 1999,5.5
08 Mar 1999,5.5
09 Mar 1999,5.5
10 Mar 1999,5.5
11 Mar 1999,5.5
12 Mar 1999,5.5
15 Mar 1999,5.5
16 Mar 1999,5.5
17 Mar 1999,5.5
18 Mar 1999,5.5
19 Mar 1999,5.5
22 Mar 1999,5.5
23 Mar 1999,5.5
24 Mar 1999,5.5
25 Mar 1999,5.5
26 Mar 1999,5.5
29 Mar 1999,5.5
30 Mar 1999,5.5
31 Mar 1999,5.5
01 Apr 1999,5.5
06 Apr 1999,5.5
07 Apr 1999,5.5
08 Apr 1999,5.25
09 Apr 1999,5.25
12 Apr 1999,5.25
13 Apr 1999,5.25
14 Apr 1999,5.25
15 Apr 1999,5.25
16 Apr 1999,5.25
19 Apr 1999,5.25
20 Apr 1999,5.25
21 Apr 1999,5.25
22 Apr 1999,5.25
23 Apr 1999,5.25
26 Apr 1999,5.25
27 Apr 1999,5.25
28 Apr 1999,5.25
29 Apr 1999,5.25
30 Apr 1999,5.25
04 May 1999,5.25
05 May 1999,5.25
06 May 1999,5.25
07 May 1999,5.25
10 May 1999,5.25
11 May 1999,5.25
12 May 1999,5.25
13 May 1999,5.25
14 May 1999,5.25
17 May 1999,5.25
18 May 1999,5.25
19 May 1999,5.25
20 May 1999,5.25
21 May 1999,5.25
24 May 1999,5.25
25 May 1999,5.25
26 May 1999,5.25
27 May 1999,5.25
28 May 1999,5.25
01 Jun 1999,5.25
02 Jun 1999,5.25
03 Jun 1999,5.25
04 Jun 1999,5.25
07 Jun 1999,5.25
08 Jun 1999,5.25
09 Jun 1999,5.25
10 Jun 1999,5
11 Jun 1999,5
14 Jun 1999,5
15 Jun 1999,5
16 Jun 1999,5
17 Jun 1999,5
18 Jun 1999,5
21 Jun 1999,5
22 Jun 1999,5
23 Jun 1999,5
24 Jun 1999,5
25 Jun 1999,5
28 Jun 1999,5
29 Jun 1999,5
30 Jun 1999,5
01 Jul 1999,5
02 Jul 1999,5
05 Jul 1999,5
06 Jul 1999,5
07 Jul 1999,5
08 Jul 1999,5
09 Jul 1999,5
12 Jul 1999,5
13 Jul 1999,5
14 Jul 1999,5
15 Jul 1999,5
16 Jul 1999,5
19 Jul 1999,5
20 Jul 1999,5
21 Jul 1999,5
22 Jul 1999,5
23 Jul 1999,5
26 Jul 1999,5
27 Jul 1999,5
28 Jul 1999,5
29 Jul 1999,5
30 Jul 1999,5
02 Aug 1999,5
03 Aug 1999,5
04 Aug 1999,5
05 Aug 1999,5
06 Aug 1999,5
09 Aug 1999,5
10 Aug 1999,5
11 Aug 1999,5
12 Aug 1999,5
13 Aug 1999,5
16 Aug 1999,5
17 Aug 1999,5
18 Aug 1999,5
19 Aug 1999,5
20 Aug 1999,5
23 Aug 1999,5
24 Aug 1999,5
25 Aug 1999,5
26 Aug 1999,5
27 Aug 1999,5
31 Aug 1999,5
01 Sep 1999,5
02 Sep 1999,5
03 Sep 1999,5
06 Sep 1999,5
07 Sep 1999,5
08 Sep 1999,5.25
09 Sep 1999,5.25
10 Sep 1999,5.25
13 Sep 1999,5.25
14 Sep 1999,5.25
15 Sep 1999,5.25
16 Sep 1999,5.25
17 Sep 1999,5.25
20 Sep 1999,5.25
21 Sep 1999,5.25
22 Sep 1999,5.25
23 Sep 1999,5.25
24 Sep 1999,5.25
27 Sep 1999,5.25
28 Sep 1999,5.25
29 Sep 1999,5.25
30 Sep 1999,5.25
01 Oct 1999,5.25
04 Oct 1999,5.25
05 Oct 1999,5.25
06 Oct 1999,5.25
07 Oct 1999,5.25
08 Oct 1999,5.25
11 Oct 1999,5.25
12 Oct 1999,5.25
13 Oct 1999,5.25
14 Oct 1999,5.25
15 Oct 1999,5.25
18 Oct 1999,5.25
19 Oct 1999,5.25
20 Oct 1999,5.25
21 Oct 1999,5.25
22 Oct 1999,5.25
25 Oct 1999,5.25
26 Oct 1999,5.25
27 Oct 1999,5.25
28 Oct 1999,5.25
29 Oct 1999,5.25
01 Nov 1999,5.25
02 Nov 1999,5.25
03 Nov 1999,5.25
04 Nov 1999,5.5
05 Nov 1999,5.5
08 Nov 1999,5.5
09 Nov 1999,5.5
10 Nov 1999,5.5
11 Nov 1999,5.5
12 Nov 1999,5.5
15 Nov 1999,5.5
16 Nov 1999,5.5
17 Nov 1999,5.5
18 Nov 1999,5.5
19 Nov 1999,5.5
22 Nov 1999,5.5
23 Nov 1999,5.5
24 Nov 1999,5.5
25 Nov 1999,5.5
26 Nov 1999,5.5
29 Nov 1999,5.5
30 Nov 1999,5.5
01 Dec 1999,5.5
02 Dec 1999,5.5
03 Dec 1999,5.5
06 Dec 1999,5.5
07 Dec 1999,5.5
08 Dec 1999,5.5
09 Dec 1999,5.5
10 Dec 1999,5.5
13 Dec 1999,5.5
14 Dec 1999,5.5
15 Dec 1999,5.5
16 Dec 1999,5.5
17 Dec 1999,5.5
20 Dec 1999,5.5
21 Dec 1999,5.5
22 Dec 1999,5.5
23 Dec 1999,5.5
24 Dec 1999,5.5
29 Dec 1999,5.5
30 Dec 1999,5.5
04 Jan 2000,5.5
05 Jan 2000,5.5
06 Jan 2000,5.5
07 Jan 2000,5.5
10 Jan 2000,5.5
11 Jan 2000,5.5
12 Jan 2000,5.5
13 Jan 2000,5.75
14 Jan 2000,5.75
17 Jan 2000,5.75
18 Jan 2000,5.75
19 Jan 2000,5.75
20 Jan 2000,5.75
21 Jan 2000,5.75
24 Jan 2000,5.75
25 Jan 2000,5.75
26 Jan 2000,5.75
27 Jan 2000,5.75
28 Jan 2000,5.75
31 Jan 2000,5.75
01 Feb 2000,5.75
02 Feb 2000,5.75
03 Feb 2000,5.75
04 Feb 2000,5.75
07 Feb 2000,5.75
08 Feb 2000,5.75
09 Feb 2000,5.75
10 Feb 2000,6
11 Feb 2000,6
14 Feb 2000,6
15 Feb 2000,6
16 Feb 2000,6
17 Feb 2000,6
18 Feb 2000,6
21 Feb 2000,6
22 Feb 2000,6
23 Feb 2000,6
24 Feb 2000,6
25 Feb 2000,6
28 Feb 2000,6
29 Feb 2000,6
01 Mar 2000,6
02 Mar 2000,6
03 Mar 2000,6
06 Mar 2000,6
07 Mar 2000,6
08 Mar 2000,6
09 Mar 2000,6
10 Mar 2000,6
13 Mar 2000,6
14 Mar 2000,6
15 Mar 2000,6
16 Mar 2000,6
17 Mar 2000,6
20 Mar 2000,6
21 Mar 2000,6
22 Mar 2000,6
23 Mar 2000,6
24 Mar 2000,6
27 Mar 2000,6
28 Mar 2000,6
29 Mar 2000,6
30 Mar 2000,6
31 Mar 2000,6
03 Apr 2000,6
04 Apr 2000,6
05 Apr 2000,6
06 Apr 2000,6
07 Apr 2000,6
10 Apr 2000,6
11 Apr 2000,6
12 Apr 2000,6
13 Apr 2000,6
14 Apr 2000,6
17 Apr 2000,6
18 Apr 2000,6
19 Apr 2000,6
20 Apr 2000,6
25 Apr 2000,6
26 Apr 2000,6
27 Apr 2000,6
28 Apr 2000,6
02 May 2000,6
03 May 2000,6
04 May 2000,6
05 May 2000,6
08 May 2000,6
09 May 2000,6
10 May 2000,6
11 May 2000,6
12 May 2000,6
15 May 2000,6
16 May 2000,6
17 May 2000,6
18 May 2000,6
19 May 2000,6
22 May 2000,6
23 May 2000,6
24 May 2000,6
25 May 2000,6
26 May 2000,6
30 May 2000,6
31 May 2000,6
01 Jun 2000,6
02 Jun 2000,6
05 Jun 2000,6
06 Jun 2000,6
07 Jun 2000,6
08 Jun 2000,6
09 Jun 2000,6
12 Jun 2000,6
13 Jun 2000,6
14 Jun 2000,6
15 Jun 2000,6
16 Jun 2000,6
19 Jun 2000,6
20 Jun 2000,6
21 Jun 2000,6
22 Jun 2000,6
23 Jun 2000,6
26 Jun 2000,6
27 Jun 2000,6
28 Jun 2000,6
29 Jun 2000,6
30 Jun 2000,6
03 Jul 2000,6
04 Jul 2000,6
05 Jul 2000,6
06 Jul 2000,6
07 Jul 2000,6
10 Jul 2000,6
11 Jul 2000,6
12 Jul 2000,6
13 Jul 2000,6
14 Jul 2000,6
17 Jul 2000,6
18 Jul 2000,6
19 Jul 2000,6
20 Jul 2000,6
21 Jul 2000,6
24 Jul 2000,6
25 Jul 2000,6
26 Jul 2000,6
27 Jul 2000,6
28 Jul 2000,6
31 Jul 2000,6
01 Aug 2000,6
02 Aug 2000,6
03 Aug 2000,6
04 Aug 2000,6
07 Aug 2000,6
08 Aug 2000,6
09 Aug 2000,6
10 Aug 2000,6
11 Aug 2000,6
14 Aug 2000,6
15 Aug 2000,6
16 Aug 2000,6
17 Aug 2000,6
18 Aug 2000,6
21 Aug 2000,6
22 Aug 2000,6
23 Aug 2000,6
24 Aug 2000,6
25 Aug 2000,6
29 Aug 2000,6
30 Aug 2000,6
31 Aug 2000,6
01 Sep 2000,6
04 Sep 2000,6
05 Sep 2000,6
06 Sep 2000,6
07 Sep 2000,6
08 Sep 2000,6
11 Sep 2000,6
12 Sep 2000,6
13 Sep 2000,6
14 Sep 2000,6
15 Sep 2000,6
18 Sep 2000,6
19 Sep 2000,6
20 Sep 2000,6
21 Sep 2000,6
22 Sep 2000,6
25 Sep 2000,6
26 Sep 2000,6
27 Sep 2000,6
28 Sep 2000,6
29 Sep 2000,6
02 Oct 2000,6
03 Oct 2000,6
04 Oct 2000,6
05 Oct 2000,6
06 Oct 2000,6
09 Oct 2000,6
10 Oct 2000,6
11 Oct 2000,6
12 Oct 2000,6
13 Oct 2000,6
16 Oct 2000,6
17 Oct 2000,6
18 Oct 2000,6
19 Oct 2000,6
20 Oct 2000,6
23 Oct 2000,6
24 Oct 2000,6
25 Oct 2000,6
26 Oct 2000,6
27 Oct 2000,6
30 Oct 2000,6
31 Oct 2000,6
01 Nov 2000,6
02 Nov 2000,6
03 Nov 2000,6
06 Nov 2000,6
07 Nov 2000,6
08 Nov 2000,6
09 Nov 2000,6
10 Nov 2000,6
13 Nov 2000,6
14 Nov 2000,6
15 Nov 2000,6
16 Nov 2000,6
17 Nov 2000,6
20 Nov 2000,6
21 Nov 2000,6
22 Nov 2000,6
23 Nov 2000,6
24 Nov 2000,6
27 Nov 2000,6
28 Nov 2000,6
29 Nov 2000,6
30 Nov 2000,6
01 Dec 2000,6
04 Dec 2000,6
05 Dec 2000,6
06 Dec 2000,6
07 Dec 2000,6
08 Dec 2000,6
11 Dec 2000,6
12 Dec 2000,6
13 Dec 2000,6
14 Dec 2000,6
15 Dec 2000,6
18 Dec 2000,6
19 Dec 2000,6
20 Dec 2000,6
21 Dec 2000,6
22 Dec 2000,6
27 Dec 2000,6
28 Dec 2000,6
29 Dec 2000,6
02 Jan 2001,6
03 Jan 2001,6
04 Jan 2001,6
05 Jan 2001,6
08 Jan 2001,6
09 Jan 2001,6
10 Jan 2001,6
11 Jan 2001,6
12 Jan 2001,6
15 Jan 2001,6
16 Jan 2001,6
17 Jan 2001,6
18 Jan 2001,6
19 Jan 2001,6
22 Jan 2001,6
23 Jan 2001,6
24 Jan 2001,6
25 Jan 2001,6
26 Jan 2001,6
29 Jan 2001,6
30 Jan 2001,6
31 Jan 2001,6
01 Feb 2001,6
02 Feb 2001,6
05 Feb 2001,6
06 Feb 2001,6
07 Feb 2001,6
08 Feb 2001,5.75
09 Feb 2001,5.75
12 Feb 2001,5.75
13 Feb 2001,5.75
14 Feb 2001,5.75
15 Feb 2001,5.75
16 Feb 2001,5.75
19 Feb 2001,5.75
20 Feb 2001,5.75
21 Feb 2001,5.75
22 Feb 2001,5.75
23 Feb 2001,5.75
26 Feb 2001,5.75
27 Feb 2001,5.75
28 Feb 2001,5.75
01 Mar 2001,5.75
02 Mar 2001,5.75
05 Mar 2001,5.75
06 Mar 2001,5.75
07 Mar 2001,5.75
08 Mar 2001,5.75
09 Mar 2001,5.75
12 Mar 2001,5.75
13 Mar 2001,5.75
14 Mar 2001,5.75
15 Mar 2001,5.75
16 Mar 2001,5.75
19 Mar 2001,5.75
20 Mar 2001,5.75
21 Mar 2001,5.75
22 Mar 2001,5.75
23 Mar 2001,5.75
26 Mar 2001,5.75
27 Mar 2001,5.75
28 Mar 2001,5.75
29 Mar 2001,5.75
30 Mar 2001,5.75
02 Apr 2001,5.75
03 Apr 2001,5.75
04 Apr 2001,5.75
05 Apr 2001,5.5
06 Apr 2001,5.5
09 Apr 2001,5.5
10 Apr 2001,5.5
11 Apr 2001,5.5
12 Apr 2001,5.5
17 Apr 2001,5.5
18 Apr 2001,5.5
19 Apr 2001,5.5
20 Apr 2001,5.5
23 Apr 2001,5.5
24 Apr 2001,5.5
25 Apr 2001,5.5
26 Apr 2001,5.5
27 Apr 2001,5.5
30 Apr 2001,5.5
01 May 2001,5.5
02 May 2001,5.5
03 May 2001,5.5
04 May 2001,5.5
08 May 2001,5.5
09 May 2001,5.5
10 May 2001,5.25
11 May 2001,5.25
14 May 2001,5.25
15 May 2001,5.25
16 May 2001,5.25
17 May 2001,5.25
18 May 2001,5.25
21 May 2001,5.25
22 May 2001,5.25
23 May 2001,5.25
24 May 2001,5.25
25 May 2001,5.25
29 May 2001,5.25
30 May 2001,5.25
31 May 2001,5.25
01 Jun 2001,5.25
04 Jun 2001,5.25
05 Jun 2001,5.25
06 Jun 2001,5.25
07 Jun 2001,5.25
08 Jun 2001,5.25
11 Jun 2001,5.25
12 Jun 2001,5.25
13 Jun 2001,5.25
14 Jun 2001,5.25
15 Jun 2001,5.25
18 Jun 2001,5.25
19 Jun 2001,5.25
20 Jun 2001,5.25
21 Jun 2001,5.25
22 Jun 2001,5.25
25 Jun 2001,5.25
26 Jun 2001,5.25
27 Jun 2001,5.25
28 Jun 2001,5.25
29 Jun 2001,5.25
02 Jul 2001,5.25
03 Jul 2001,5.25
04 Jul 2001,5.25
05 Jul 2001,5.25
06 Jul 2001,5.25
09 Jul 2001,5.25
10 Jul 2001,5.25
11 Jul 2001,5.25
12 Jul 2001,5.25
13 Jul 2001,5.25
16 Jul 2001,5.25
17 Jul 2001,5.25
18 Jul 2001,5.25
19 Jul 2001,5.25
20 Jul 2001,5.25
23 Jul 2001,5.25
24 Jul 2001,5.25
25 Jul 2001,5.25
26 Jul 2001,5.25
27 Jul 2001,5.25
30 Jul 2001,5.25
31 Jul 2001,5.25
01 Aug 2001,5.25
02 Aug 2001,5
03 Aug 2001,5
06 Aug 2001,5
07 Aug 2001,5
08 Aug 2001,5
09 Aug 2001,5
10 Aug 2001,5
13 Aug 2001,5
14 Aug 2001,5
15 Aug 2001,5
16 Aug 2001,5
17 Aug 2001,5
20 Aug 2001,5
21 Aug 2001,5
22 Aug 2001,5
23 Aug 2001,5
24 Aug 2001,5
28 Aug 2001,5
29 Aug 2001,5
30 Aug 2001,5
31 Aug 2001,5
03 Sep 2001,5
04 Sep 2001,5
05 Sep 2001,5
06 Sep 2001,5
07 Sep 2001,5
10 Sep 2001,5
11 Sep 2001,5
12 Sep 2001,5
13 Sep 2001,5
14 Sep 2001,5
17 Sep 2001,5
18 Sep 2001,4.75
19 Sep 2001,4.75
20 Sep 2001,4.75
21 Sep 2001,4.75
24 Sep 2001,4.75
25 Sep 2001,4.75
26 Sep 2001,4.75
27 Sep 2001,4.75
28 Sep 2001,4.75
01 Oct 2001,4.75
02 Oct 2001,4.75
03 Oct 2001,4.75
04 Oct 2001,4.5
05 Oct 2001,4.5
08 Oct 2001,4.5
09 Oct 2001,4.5
10 Oct 2001,4.5
11 Oct 2001,4.5
12 Oct 2001,4.5
15 Oct 2001,4.5
16 Oct 2001,4.5
17 Oct 2001,4.5
18 Oct 2001,4.5
19 Oct 2001,4.5
22 Oct 2001,4.5
23 Oct 2001,4.5
24 Oct 2001,4.5
25 Oct 2001,4.5
26 Oct 2001,4.5
29 Oct 2001,4.5
30 Oct 2001,4.5
31 Oct 2001,4.5
01 Nov 2001,4.5
02 Nov 2001,4.5
05 Nov 2001,4.5
06 Nov 2001,4.5
07 Nov 2001,4.5
08 Nov 2001,4
09 Nov 2001,4
12 Nov 2001,4
13 Nov 2001,4
14 Nov 2001,4
15 Nov 2001,4
16 Nov 2001,4
19 Nov 2001,4
20 Nov 2001,4
21 Nov 2001,4
22 Nov 2001,4
23 Nov 2001,4
26 Nov 2001,4
27 Nov 2001,4
28 Nov 2001,4
29 Nov 2001,4
30 Nov 2001,4
03 Dec 2001,4
04 Dec 2001,4
05 Dec 2001,4
06 Dec 2001,4
07 Dec 2001,4
10 Dec 2001,4
11 Dec 2001,4
12 Dec 2001,4
13 Dec 2001,4
14 Dec 2001,4
17 Dec 2001,4
18 Dec 2001,4
19 Dec 2001,4
20 Dec 2001,4
21 Dec 2001,4
24 Dec 2001,4
27 Dec 2001,4
28 Dec 2001,4
31 Dec 2001,4
02 Jan 2002,4
03 Jan 2002,4
04 Jan 2002,4
07 Jan 2002,4
08 Jan 2002,4
09 Jan 2002,4
10 Jan 2002,4
11 Jan 2002,4
14 Jan 2002,4
15 Jan 2002,4
16 Jan 2002,4
17 Jan 2002,4
18 Jan 2002,4
21 Jan 2002,4
22 Jan 2002,4
23 Jan 2002,4
24 Jan 2002,4
25 Jan 2002,4
28 Jan 2002,4
29 Jan 2002,4
30 Jan 2002,4
31 Jan 2002,4
01 Feb 2002,4
04 Feb 2002,4
05 Feb 2002,4
06 Feb 2002,4
07 Feb 2002,4
08 Feb 2002,4
11 Feb 2002,4
12 Feb 2002,4
13 Feb 2002,4
14 Feb 2002,4
15 Feb 2002,4
18 Feb 2002,4
19 Feb 2002,4
20 Feb 2002,4
21 Feb 2002,4
22 Feb 2002,4
25 Feb 2002,4
26 Feb 2002,4
27 Feb 2002,4
28 Feb 2002,4
01 Mar 2002,4
04 Mar 2002,4
05 Mar 2002,4
06 Mar 2002,4
07 Mar 2002,4
08 Mar 2002,4
11 Mar 2002,4
12 Mar 2002,4
13 Mar 2002,4
14 Mar 2002,4
15 Mar 2002,4
18 Mar 2002,4
19 Mar 2002,4
20 Mar 2002,4
21 Mar 2002,4
22 Mar 2002,4
25 Mar 2002,4
26 Mar 2002,4
27 Mar 2002,4
28 Mar 2002,4
02 Apr 2002,4
03 Apr 2002,4
04 Apr 2002,4
05 Apr 2002,4
08 Apr 2002,4
09 Apr 2002,4
10 Apr 2002,4
11 Apr 2002,4
12 Apr 2002,4
15 Apr 2002,4
16 Apr 2002,4
17 Apr 2002,4
18 Apr 2002,4
19 Apr 2002,4
22 Apr 2002,4
23 Apr 2002,4
24 Apr 2002,4
25 Apr 2002,4
26 Apr 2002,4
29 Apr 2002,4
30 Apr 2002,4
01 May 2002,4
02 May 2002,4
03 May 2002,4
07 May 2002,4
08 May 2002,4
09 May 2002,4
10 May 2002,4
13 May 2002,4
14 May 2002,4
15 May 2002,4
16 May 2002,4
17 May 2002,4
20 May 2002,4
21 May 2002,4
22 May 2002,4
23 May 2002,4
24 May 2002,4
27 May 2002,4
28 May 2002,4
29 May 2002,4
30 May 2002,4
31 May 2002,4
05 Jun 2002,4
06 Jun 2002,4
07 Jun 2002,4
10 Jun 2002,4
11 Jun 2002,4
12 Jun 2002,4
13 Jun 2002,4
14 Jun 2002,4
17 Jun 2002,4
18 Jun 2002,4
19 Jun 2002,4
20 Jun 2002,4
21 Jun 2002,4
24 Jun 2002,4
25 Jun 2002,4
26 Jun 2002,4
27 Jun 2002,4
28 Jun 2002,4
01 Jul 2002,4
02 Jul 2002,4
03 Jul 2002,4
04 Jul 2002,4
05 Jul 2002,4
08 Jul 2002,4
09 Jul 2002,4
10 Jul 2002,4
11 Jul 2002,4
12 Jul 2002,4
15 Jul 2002,4
16 Jul 2002,4
17 Jul 2002,4
18 Jul 2002,4
19 Jul 2002,4
22 Jul 2002,4
23 Jul 2002,4
24 Jul 2002,4
25 Jul 2002,4
26 Jul 2002,4
29 Jul 2002,4
30 Jul 2002,4
31 Jul 2002,4
01 Aug 2002,4
02 Aug 2002,4
05 Aug 2002,4
06 Aug 2002,4
07 Aug 2002,4
08 Aug 2002,4
09 Aug 2002,4
12 Aug 2002,4
13 Aug 2002,4
14 Aug 2002,4
15 Aug 2002,4
16 Aug 2002,4
19 Aug 2002,4
20 Aug 2002,4
21 Aug 2002,4
22 Aug 2002,4
23 Aug 2002,4
27 Aug 2002,4
28 Aug 2002,4
29 Aug 2002,4
30 Aug 2002,4
02 Sep 2002,4
03 Sep 2002,4
04 Sep 2002,4
05 Sep 2002,4
06 Sep 2002,4
09 Sep 2002,4
10 Sep 2002,4
11 Sep 2002,4
12 Sep 2002,4
13 Sep 2002,4
16 Sep 2002,4
17 Sep 2002,4
18 Sep 2002,4
19 Sep 2002,4
20 Sep 2002,4
23 Sep 2002,4
24 Sep 2002,4
25 Sep 2002,4
26 Sep 2002,4
27 Sep 2002,4
30 Sep 2002,4
01 Oct 2002,4
02 Oct 2002,4
03 Oct 2002,4
04 Oct 2002,4
07 Oct 2002,4
08 Oct 2002,4
09 Oct 2002,4
10 Oct 2002,4
11 Oct 2002,4
14 Oct 2002,4
15 Oct 2002,4
16 Oct 2002,4
17 Oct 2002,4
18 Oct 2002,4
21 Oct 2002,4
22 Oct 2002,4
23 Oct 2002,4
24 Oct 2002,4
25 Oct 2002,4
28 Oct 2002,4
29 Oct 2002,4
30 Oct 2002,4
31 Oct 2002,4
01 Nov 2002,4
04 Nov 2002,4
05 Nov 2002,4
06 Nov 2002,4
07 Nov 2002,4
08 Nov 2002,4
11 Nov 2002,4
12 Nov 2002,4
13 Nov 2002,4
14 Nov 2002,4
15 Nov 2002,4
18 Nov 2002,4
19 Nov 2002,4
20 Nov 2002,4
21 Nov 2002,4
22 Nov 2002,4
25 Nov 2002,4
26 Nov 2002,4
27 Nov 2002,4
28 Nov 2002,4
29 Nov 2002,4
02 Dec 2002,4
03 Dec 2002,4
04 Dec 2002,4
05 Dec 2002,4
06 Dec 2002,4
09 Dec 2002,4
10 Dec 2002,4
11 Dec 2002,4
12 Dec 2002,4
13 Dec 2002,4
16 Dec 2002,4
17 Dec 2002,4
18 Dec 2002,4
19 Dec 2002,4
20 Dec 2002,4
23 Dec 2002,4
24 Dec 2002,4
27 Dec 2002,4
30 Dec 2002,4
31 Dec 2002,4
02 Jan 2003,4
03 Jan 2003,4
06 Jan 2003,4
07 Jan 2003,4
08 Jan 2003,4
09 Jan 2003,4
10 Jan 2003,4
13 Jan 2003,4
14 Jan 2003,4
15 Jan 2003,4
16 Jan 2003,4
17 Jan 2003,4
20 Jan 2003,4
21 Jan 2003,4
22 Jan 2003,4
23 Jan 2003,4
24 Jan 2003,4
27 Jan 2003,4
28 Jan 2003,4
29 Jan 2003,4
30 Jan 2003,4
31 Jan 2003,4
03 Feb 2003,4
04 Feb 2003,4
05 Feb 2003,4
06 Feb 2003,3.75
07 Feb 2003,3.75
10 Feb 2003,3.75
11 Feb 2003,3.75
12 Feb 2003,3.75
13 Feb 2003,3.75
14 Feb 2003,3.75
17 Feb 2003,3.75
18 Feb 2003,3.75
19 Feb 2003,3.75
20 Feb 2003,3.75
21 Feb 2003,3.75
24 Feb 2003,3.75
25 Feb 2003,3.75
26 Feb 2003,3.75
27 Feb 2003,3.75
28 Feb 2003,3.75
03 Mar 2003,3.75
04 Mar 2003,3.75
05 Mar 2003,3.75
06 Mar 2003,3.75
07 Mar 2003,3.75
10 Mar 2003,3.75
11 Mar 2003,3.75
12 Mar 2003,3.75
13 Mar 2003,3.75
14 Mar 2003,3.75
17 Mar 2003,3.75
18 Mar 2003,3.75
19 Mar 2003,3.75
20 Mar 2003,3.75
21 Mar 2003,3.75
24 Mar 2003,3.75
25 Mar 2003,3.75
26 Mar 2003,3.75
27 Mar 2003,3.75
28 Mar 2003,3.75
31 Mar 2003,3.75
01 Apr 2003,3.75
02 Apr 2003,3.75
03 Apr 2003,3.75
04 Apr 2003,3.75
07 Apr 2003,3.75
08 Apr 2003,3.75
09 Apr 2003,3.75
10 Apr 2003,3.75
11 Apr 2003,3.75
14 Apr 2003,3.75
15 Apr 2003,3.75
16 Apr 2003,3.75
17 Apr 2003,3.75
22 Apr 2003,3.75
23 Apr 2003,3.75
24 Apr 2003,3.75
25 Apr 2003,3.75
28 Apr 2003,3.75
29 Apr 2003,3.75
30 Apr 2003,3.75
01 May 2003,3.75
02 May 2003,3.75
06 May 2003,3.75
07 May 2003,3.75
08 May 2003,3.75
09 May 2003,3.75
12 May 2003,3.75
13 May 2003,3.75
14 May 2003,3.75
15 May 2003,3.75
16 May 2003,3.75
19 May 2003,3.75
20 May 2003,3.75
21 May 2003,3.75
22 May 2003,3.75
23 May 2003,3.75
27 May 2003,3.75
28 May 2003,3.75
29 May 2003,3.75
30 May 2003,3.75
02 Jun 2003,3.75
03 Jun 2003,3.75
04 Jun 2003,3.75
05 Jun 2003,3.75
06 Jun 2003,3.75
09 Jun 2003,3.75
10 Jun 2003,3.75
11 Jun 2003,3.75
12 Jun 2003,3.75
13 Jun 2003,3.75
16 Jun 2003,3.75
17 Jun 2003,3.75
18 Jun 2003,3.75
19 Jun 2003,3.75
20 Jun 2003,3.75
23 Jun 2003,3.75
24 Jun 2003,3.75
25 Jun 2003,3.75
26 Jun 2003,3.75
27 Jun 2003,3.75
30 Jun 2003,3.75
01 Jul 2003,3.75
02 Jul 2003,3.75
03 Jul 2003,3.75
04 Jul 2003,3.75
07 Jul 2003,3.75
08 Jul 2003,3.75
09 Jul 2003,3.75
10 Jul 2003,3.5
11 Jul 2003,3.5
14 Jul 2003,3.5
15 Jul 2003,3.5
16 Jul 2003,3.5
17 Jul 2003,3.5
18 Jul 2003,3.5
21 Jul 2003,3.5
22 Jul 2003,3.5
23 Jul 2003,3.5
24 Jul 2003,3.5
25 Jul 2003,3.5
28 Jul 2003,3.5
29 Jul 2003,3.5
30 Jul 2003,3.5
31 Jul 2003,3.5
01 Aug 2003,3.5
04 Aug 2003,3.5
05 Aug 2003,3.5
06 Aug 2003,3.5
07 Aug 2003,3.5
08 Aug 2003,3.5
11 Aug 2003,3.5
12 Aug 2003,3.5
13 Aug 2003,3.5
14 Aug 2003,3.5
15 Aug 2003,3.5
18 Aug 2003,3.5
19 Aug 2003,3.5
20 Aug 2003,3.5
21 Aug 2003,3.5
22 Aug 2003,3.5
26 Aug 2003,3.5
27 Aug 2003,3.5
28 Aug 2003,3.5
29 Aug 2003,3.5
01 Sep 2003,3.5
02 Sep 2003,3.5
03 Sep 2003,3.5
04 Sep 2003,3.5
05 Sep 2003,3.5
08 Sep 2003,3.5
09 Sep 2003,3.5
10 Sep 2003,3.5
11 Sep 2003,3.5
12 Sep 2003,3.5
15 Sep 2003,3.5
16 Sep 2003,3.5
17 Sep 2003,3.5
18 Sep 2003,3.5
19 Sep 2003,3.5
22 Sep 2003,3.5
23 Sep 2003,3.5
24 Sep 2003,3.5
25 Sep 2003,3.5
26 Sep 2003,3.5
29 Sep 2003,3.5
30 Sep 2003,3.5
01 Oct 2003,3.5
02 Oct 2003,3.5
03 Oct 2003,3.5
06 Oct 2003,3.5
07 Oct 2003,3.5
08 Oct 2003,3.5
09 Oct 2003,3.5
10 Oct 2003,3.5
13 Oct 2003,3.5
14 Oct 2003,3.5
15 Oct 2003,3.5
16 Oct 2003,3.5
17 Oct 2003,3.5
20 Oct 2003,3.5
21 Oct 2003,3.5
22 Oct 2003,3.5
23 Oct 2003,3.5
24 Oct 2003,3.5
27 Oct 2003,3.5
28 Oct 2003,3.5
29 Oct 2003,3.5
30 Oct 2003,3.5
31 Oct 2003,3.5
03 Nov 2003,3.5
04 Nov 2003,3.5
05 Nov 2003,3.5
06 Nov 2003,3.75
07 Nov 2003,3.75
10 Nov 2003,3.75
11 Nov 2003,3.75
12 Nov 2003,3.75
13 Nov 2003,3.75
14 Nov 2003,3.75
17 Nov 2003,3.75
18 Nov 2003,3.75
19 Nov 2003,3.75
20 Nov 2003,3.75
21 Nov 2003,3.75
24 Nov 2003,3.75
25 Nov 2003,3.75
26 Nov 2003,3.75
27 Nov 2003,3.75
28 Nov 2003,3.75
01 Dec 2003,3.75
02 Dec 2003,3.75
03 Dec 2003,3.75
04 Dec 2003,3.75
05 Dec 2003,3.75
08 Dec 2003,3.75
09 Dec 2003,3.75
10 Dec 2003,3.75
11 Dec 2003,3.75
12 Dec 2003,3.75
15 Dec 2003,3.75
16 Dec 2003,3.75
17 Dec 2003,3.75
18 Dec 2003,3.75
19 Dec 2003,3.75
22 Dec 2003,3.75
23 Dec 2003,3.75
24 Dec 2003,3.75
29 Dec 2003,3.75
30 Dec 2003,3.75
31 Dec 2003,3.75
02 Jan 2004,3.75
05 Jan 2004,3.75
06 Jan 2004,3.75
07 Jan 2004,3.75
08 Jan 2004,3.75
09 Jan 2004,3.75
12 Jan 2004,3.75
13 Jan 2004,3.75
14 Jan 2004,3.75
15 Jan 2004,3.75
16 Jan 2004,3.75
19 Jan 2004,3.75
20 Jan 2004,3.75
21 Jan 2004,3.75
22 Jan 2004,3.75
23 Jan 2004,3.75
26 Jan 2004,3.75
27 Jan 2004,3.75
28 Jan 2004,3.75
29 Jan 2004,3.75
30 Jan 2004,3.75
02 Feb 2004,3.75
03 Feb 2004,3.75
04 Feb 2004,3.75
05 Feb 2004,4
06 Feb 2004,4
09 Feb 2004,4
10 Feb 2004,4
11 Feb 2004,4
12 Feb 2004,4
13 Feb 2004,4
16 Feb 2004,4
17 Feb 2004,4
18 Feb 2004,4
19 Feb 2004,4
20 Feb 2004,4
23 Feb 2004,4
24 Feb 2004,4
25 Feb 2004,4
26 Feb 2004,4
27 Feb 2004,4
01 Mar 2004,4
02 Mar 2004,4
03 Mar 2004,4
04 Mar 2004,4
05 Mar 2004,4
08 Mar 2004,4
09 Mar 2004,4
10 Mar 2004,4
11 Mar 2004,4
12 Mar 2004,4
15 Mar 2004,4
16 Mar 2004,4
17 Mar 2004,4
18 Mar 2004,4
19 Mar 2004,4
22 Mar 2004,4
23 Mar 2004,4
24 Mar 2004,4
25 Mar 2004,4
26 Mar 2004,4
29 Mar 2004,4
30 Mar 2004,4
31 Mar 2004,4
01 Apr 2004,4
02 Apr 2004,4
05 Apr 2004,4
06 Apr 2004,4
07 Apr 2004,4
08 Apr 2004,4
13 Apr 2004,4
14 Apr 2004,4
15 Apr 2004,4
16 Apr 2004,4
19 Apr 2004,4
20 Apr 2004,4
21 Apr 2004,4
22 Apr 2004,4
23 Apr 2004,4
26 Apr 2004,4
27 Apr 2004,4
28 Apr 2004,4
29 Apr 2004,4
30 Apr 2004,4
04 May 2004,4
05 May 2004,4
06 May 2004,4.25
07 May 2004,4.25
10 May 2004,4.25
11 May 2004,4.25
12 May 2004,4.25
13 May 2004,4.25
14 May 2004,4.25
17 May 2004,4.25
18 May 2004,4.25
19 May 2004,4.25
20 May 2004,4.25
21 May 2004,4.25
24 May 2004,4.25
25 May 2004,4.25
26 May 2004,4.25
27 May 2004,4.25
28 May 2004,4.25
01 Jun 2004,4.25
02 Jun 2004,4.25
03 Jun 2004,4.25
04 Jun 2004,4.25
07 Jun 2004,4.25
08 Jun 2004,4.25
09 Jun 2004,4.25
10 Jun 2004,4.5
11 Jun 2004,4.5
14 Jun 2004,4.5
15 Jun 2004,4.5
16 Jun 2004,4.5
17 Jun 2004,4.5
18 Jun 2004,4.5
21 Jun 2004,4.5
22 Jun 2004,4.5
23 Jun 2004,4.5
24 Jun 2004,4.5
25 Jun 2004,4.5
28 Jun 2004,4.5
29 Jun 2004,4.5
30 Jun 2004,4.5
01 Jul 2004,4.5
02 Jul 2004,4.5
05 Jul 2004,4.5
06 Jul 2004,4.5
07 Jul 2004,4.5
08 Jul 2004,4.5
09 Jul 2004,4.5
12 Jul 2004,4.5
13 Jul 2004,4.5
14 Jul 2004,4.5
15 Jul 2004,4.5
16 Jul 2004,4.5
19 Jul 2004,4.5
20 Jul 2004,4.5
21 Jul 2004,4.5
22 Jul 2004,4.5
23 Jul 2004,4.5
26 Jul 2004,4.5
27 Jul 2004,4.5
28 Jul 2004,4.5
29 Jul 2004,4.5
30 Jul 2004,4.5
02 Aug 2004,4.5
03 Aug 2004,4.5
04 Aug 2004,4.5
05 Aug 2004,4.75
06 Aug 2004,4.75
09 Aug 2004,4.75
10 Aug 2004,4.75
11 Aug 2004,4.75
12 Aug 2004,4.75
13 Aug 2004,4.75
16 Aug 2004,4.75
17 Aug 2004,4.75
18 Aug 2004,4.75
19 Aug 2004,4.75
20 Aug 2004,4.75
23 Aug 2004,4.75
24 Aug 2004,4.75
25 Aug 2004,4.75
26 Aug 2004,4.75
27 Aug 2004,4.75
31 Aug 2004,4.75
01 Sep 2004,4.75
02 Sep 2004,4.75
03 Sep 2004,4.75
06 Sep 2004,4.75
07 Sep 2004,4.75
08 Sep 2004,4.75
09 Sep 2004,4.75
10 Sep 2004,4.75
13 Sep 2004,4.75
14 Sep 2004,4.75
15 Sep 2004,4.75
16 Sep 2004,4.75
17 Sep 2004,4.75
20 Sep 2004,4.75
21 Sep 2004,4.75
22 Sep 2004,4.75
23 Sep 2004,4.75
24 Sep 2004,4.75
27 Sep 2004,4.75
28 Sep 2004,4.75
29 Sep 2004,4.75
30 Sep 2004,4.75
01 Oct 2004,4.75
04 Oct 2004,4.75
05 Oct 2004,4.75
06 Oct 2004,4.75
07 Oct 2004,4.75
08 Oct 2004,4.75
11 Oct 2004,4.75
12 Oct 2004,4.75
13 Oct 2004,4.75
14 Oct 2004,4.75
15 Oct 2004,4.75
18 Oct 2004,4.75
19 Oct 2004,4.75
20 Oct 2004,4.75
21 Oct 2004,4.75
22 Oct 2004,4.75
25 Oct 2004,4.75
26 Oct 2004,4.75
27 Oct 2004,4.75
28 Oct 2004,4.75
29 Oct 2004,4.75
01 Nov 2004,4.75
02 Nov 2004,4.75
03 Nov 2004,4.75
04 Nov 2004,4.75
05 Nov 2004,4.75
08 Nov 2004,4.75
09 Nov 2004,4.75
10 Nov 2004,4.75
11 Nov 2004,4.75
12 Nov 2004,4.75
15 Nov 2004,4.75
16 Nov 2004,4.75
17 Nov 2004,4.75
18 Nov 2004,4.75
19 Nov 2004,4.75
22 Nov 2004,4.75
23 Nov 2004,4.75
24 Nov 2004,4.75
25 Nov 2004,4.75
26 Nov 2004,4.75
29 Nov 2004,4.75
30 Nov 2004,4.75
01 Dec 2004,4.75
02 Dec 2004,4.75
03 Dec 2004,4.75
06 Dec 2004,4.75
07 Dec 2004,4.75
08 Dec 2004,4.75
09 Dec 2004,4.75
10 Dec 2004,4.75
13 Dec 2004,4.75
14 Dec 2004,4.75
15 Dec 2004,4.75
16 Dec 2004,4.75
17 Dec 2004,4.75
20 Dec 2004,4.75
21 Dec 2004,4.75
22 Dec 2004,4.75
23 Dec 2004,4.75
24 Dec 2004,4.75
29 Dec 2004,4.75
30 Dec 2004,4.75
31 Dec 2004,4.75
04 Jan 2005,4.75
05 Jan 2005,4.75
06 Jan 2005,4.75
07 Jan 2005,4.75
10 Jan 2005,4.75
11 Jan 2005,4.75
12 Jan 2005,4.75
13 Jan 2005,4.75
14 Jan 2005,4.75
17 Jan 2005,4.75
18 Jan 2005,4.75
19 Jan 2005,4.75
20 Jan 2005,4.75
21 Jan 2005,4.75
24 Jan 2005,4.75
25 Jan 2005,4.75
26 Jan 2005,4.75
27 Jan 2005,4.75
28 Jan 2005,4.75
31 Jan 2005,4.75
01 Feb 2005,4.75
02 Feb 2005,4.75
03 Feb 2005,4.75
04 Feb 2005,4.75
07 Feb 2005,4.75
08 Feb 2005,4.75
09 Feb 2005,4.75
10 Feb 2005,4.75
11 Feb 2005,4.75
14 Feb 2005,4.75
15 Feb 2005,4.75
16 Feb 2005,4.75
17 Feb 2005,4.75
18 Feb 2005,4.75
21 Feb 2005,4.75
22 Feb 2005,4.75
23 Feb 2005,4.75
24 Feb 2005,4.75
25 Feb 2005,4.75
28 Feb 2005,4.75
01 Mar 2005,4.75
02 Mar 2005,4.75
03 Mar 2005,4.75
04 Mar 2005,4.75
07 Mar 2005,4.75
08 Mar 2005,4.75
09 Mar 2005,4.75
10 Mar 2005,4.75
11 Mar 2005,4.75
14 Mar 2005,4.75
15 Mar 2005,4.75
16 Mar 2005,4.75
17 Mar 2005,4.75
18 Mar 2005,4.75
21 Mar 2005,4.75
22 Mar 2005,4.75
23 Mar 2005,4.75
24 Mar 2005,4.75
29 Mar 2005,4.75
30 Mar 2005,4.75
31 Mar 2005,4.75
01 Apr 2005,4.75
04 Apr 2005,4.75
05 Apr 2005,4.75
06 Apr 2005,4.75
07 Apr 2005,4.75
08 Apr 2005,4.75
11 Apr 2005,4.75
12 Apr 2005,4.75
13 Apr 2005,4.75
14 Apr 2005,4.75
15 Apr 2005,4.75
18 Apr 2005,4.75
19 Apr 2005,4.75
20 Apr 2005,4.75
21 Apr 2005,4.75
22 Apr 2005,4.75
25 Apr 2005,4.75
26 Apr 2005,4.75
27 Apr 2005,4.75
28 Apr 2005,4.75
29 Apr 2005,4.75
03 May 2005,4.75
04 May 2005,4.75
05 May 2005,4.75
06 May 2005,4.75
09 May 2005,4.75
10 May 2005,4.75
11 May 2005,4.75
12 May 2005,4.75
13 May 2005,4.75
16 May 2005,4.75
17 May 2005,4.75
18 May 2005,4.75
19 May 2005,4.75
20 May 2005,4.75
23 May 2005,4.75
24 May 2005,4.75
25 May 2005,4.75
26 May 2005,4.75
27 May 2005,4.75
31 May 2005,4.75
01 Jun 2005,4.75
02 Jun 2005,4.75
03 Jun 2005,4.75
06 Jun 2005,4.75
07 Jun 2005,4.75
08 Jun 2005,4.75
09 Jun 2005,4.75
10 Jun 2005,4.75
13 Jun 2005,4.75
14 Jun 2005,4.75
15 Jun 2005,4.75
16 Jun 2005,4.75
17 Jun 2005,4.75
20 Jun 2005,4.75
21 Jun 2005,4.75
22 Jun 2005,4.75
23 Jun 2005,4.75
24 Jun 2005,4.75
27 Jun 2005,4.75
28 Jun 2005,4.75
29 Jun 2005,4.75
30 Jun 2005,4.75
01 Jul 2005,4.75
04 Jul 2005,4.75
05 Jul 2005,4.75
06 Jul 2005,4.75
07 Jul 2005,4.75
08 Jul 2005,4.75
11 Jul 2005,4.75
12 Jul 2005,4.75
13 Jul 2005,4.75
14 Jul 2005,4.75
15 Jul 2005,4.75
18 Jul 2005,4.75
19 Jul 2005,4.75
20 Jul 2005,4.75
21 Jul 2005,4.75
22 Jul 2005,4.75
25 Jul 2005,4.75
26 Jul 2005,4.75
27 Jul 2005,4.75
28 Jul 2005,4.75
29 Jul 2005,4.75
01 Aug 2005,4.75
02 Aug 2005,4.75
03 Aug 2005,4.75
04 Aug 2005,4.5
05 Aug 2005,4.5
08 Aug 2005,4.5
09 Aug 2005,4.5
10 Aug 2005,4.5
11 Aug 2005,4.5
12 Aug 2005,4.5
15 Aug 2005,4.5
16 Aug 2005,4.5
17 Aug 2005,4.5
18 Aug 2005,4.5
19 Aug 2005,4.5
22 Aug 2005,4.5
23 Aug 2005,4.5
24 Aug 2005,4.5
25 Aug 2005,4.5
26 Aug 2005,4.5
30 Aug 2005,4.5
31 Aug 2005,4.5
01 Sep 2005,4.5
02 Sep 2005,4.5
05 Sep 2005,4.5
06 Sep 2005,4.5
07 Sep 2005,4.5
08 Sep 2005,4.5
09 Sep 2005,4.5
12 Sep 2005,4.5
13 Sep 2005,4.5
14 Sep 2005,4.5
15 Sep 2005,4.5
16 Sep 2005,4.5
19 Sep 2005,4.5
20 Sep 2005,4.5
21 Sep 2005,4.5
22 Sep 2005,4.5
23 Sep 2005,4.5
26 Sep 2005,4.5
27 Sep 2005,4.5
28 Sep 2005,4.5
29 Sep 2005,4.5
30 Sep 2005,4.5
03 Oct 2005,4.5
04 Oct 2005,4.5
05 Oct 2005,4.5
06 Oct 2005,4.5
07 Oct 2005,4.5
10 Oct 2005,4.5
11 Oct 2005,4.5
12 Oct 2005,4.5
13 Oct 2005,4.5
14 Oct 2005,4.5
17 Oct 2005,4.5
18 Oct 2005,4.5
19 Oct 2005,4.5
20 Oct 2005,4.5
21 Oct 2005,4.5
24 Oct 2005,4.5
25 Oct 2005,4.5
26 Oct 2005,4.5
27 Oct 2005,4.5
28 Oct 2005,4.5
31 Oct 2005,4.5
01 Nov 2005,4.5
02 Nov 2005,4.5
03 Nov 2005,4.5
04 Nov 2005,4.5
07 Nov 2005,4.5
08 Nov 2005,4.5
09 Nov 2005,4.5
10 Nov 2005,4.5
11 Nov 2005,4.5
14 Nov 2005,4.5
15 Nov 2005,4.5
16 Nov 2005,4.5
17 Nov 2005,4.5
18 Nov 2005,4.5
21 Nov 2005,4.5
22 Nov 2005,4.5
23 Nov 2005,4.5
24 Nov 2005,4.5
25 Nov 2005,4.5
28 Nov 2005,4.5
29 Nov 2005,4.5
30 Nov 2005,4.5
01 Dec 2005,4.5
02 Dec 2005,4.5
05 Dec 2005,4.5
06 Dec 2005,4.5
07 Dec 2005,4.5
08 Dec 2005,4.5
09 Dec 2005,4.5
12 Dec 2005,4.5
13 Dec 2005,4.5
14 Dec 2005,4.5
15 Dec 2005,4.5
16 Dec 2005,4.5
19 Dec 2005,4.5
20 Dec 2005,4.5
21 Dec 2005,4.5
22 Dec 2005,4.5
23 Dec 2005,4.5
28 Dec 2005,4.5
29 Dec 2005,4.5
30 Dec 2005,4.5
03 Jan 2006,4.5
04 Jan 2006,4.5
05 Jan 2006,4.5
06 Jan 2006,4.5
09 Jan 2006,4.5
10 Jan 2006,4.5
11 Jan 2006,4.5
12 Jan 2006,4.5
13 Jan 2006,4.5
16 Jan 2006,4.5
17 Jan 2006,4.5
18 Jan 2006,4.5
19 Jan 2006,4.5
20 Jan 2006,4.5
23 Jan 2006,4.5
24 Jan 2006,4.5
25 Jan 2006,4.5
26 Jan 2006,4.5
27 Jan 2006,4.5
30 Jan 2006,4.5
31 Jan 2006,4.5
01 Feb 2006,4.5
02 Feb 2006,4.5
03 Feb 2006,4.5
06 Feb 2006,4.5
07 Feb 2006,4.5
08 Feb 2006,4.5
09 Feb 2006,4.5
10 Feb 2006,4.5
13 Feb 2006,4.5
14 Feb 2006,4.5
15 Feb 2006,4.5
16 Feb 2006,4.5
17 Feb 2006,4.5
20 Feb 2006,4.5
21 Feb 2006,4.5
22 Feb 2006,4.5
23 Feb 2006,4.5
24 Feb 2006,4.5
27 Feb 2006,4.5
28 Feb 2006,4.5
01 Mar 2006,4.5
02 Mar 2006,4.5
03 Mar 2006,4.5
06 Mar 2006,4.5
07 Mar 2006,4.5
08 Mar 2006,4.5
09 Mar 2006,4.5
10 Mar 2006,4.5
13 Mar 2006,4.5
14 Mar 2006,4.5
15 Mar 2006,4.5
16 Mar 2006,4.5
17 Mar 2006,4.5
20 Mar 2006,4.5
21 Mar 2006,4.5
22 Mar 2006,4.5
23 Mar 2006,4.5
24 Mar 2006,4.5
27 Mar 2006,4.5
28 Mar 2006,4.5
29 Mar 2006,4.5
30 Mar 2006,4.5
31 Mar 2006,4.5
03 Apr 2006,4.5
04 Apr 2006,4.5
05 Apr 2006,4.5
06 Apr 2006,4.5
07 Apr 2006,4.5
10 Apr 2006,4.5
11 Apr 2006,4.5
12 Apr 2006,4.5
13 Apr 2006,4.5
18 Apr 2006,4.5
19 Apr 2006,4.5
20 Apr 2006,4.5
21 Apr 2006,4.5
24 Apr 2006,4.5
25 Apr 2006,4.5
26 Apr 2006,4.5
27 Apr 2006,4.5
28 Apr 2006,4.5
02 May 2006,4.5
03 May 2006,4.5
04 May 2006,4.5
05 May 2006,4.5
08 May 2006,4.5
09 May 2006,4.5
10 May 2006,4.5
11 May 2006,4.5
12 May 2006,4.5
15 May 2006,4.5
16 May 2006,4.5
17 May 2006,4.5
18 May 2006,4.5
19 May 2006,4.5
22 May 2006,4.5
23 May 2006,4.5
24 May 2006,4.5
25 May 2006,4.5
26 May 2006,4.5
30 May 2006,4.5
31 May 2006,4.5
01 Jun 2006,4.5
02 Jun 2006,4.5
05 Jun 2006,4.5
06 Jun 2006,4.5
07 Jun 2006,4.5
08 Jun 2006,4.5
09 Jun 2006,4.5
12 Jun 2006,4.5
13 Jun 2006,4.5
14 Jun 2006,4.5
15 Jun 2006,4.5
16 Jun 2006,4.5
19 Jun 2006,4.5
20 Jun 2006,4.5
21 Jun 2006,4.5
22 Jun 2006,4.5
23 Jun 2006,4.5
26 Jun 2006,4.5
27 Jun 2006,4.5
28 Jun 2006,4.5
29 Jun 2006,4.5
30 Jun 2006,4.5
03 Jul 2006,4.5
04 Jul 2006,4.5
05 Jul 2006,4.5
06 Jul 2006,4.5
07 Jul 2006,4.5
10 Jul 2006,4.5
11 Jul 2006,4.5
12 Jul 2006,4.5
13 Jul 2006,4.5
14 Jul 2006,4.5
17 Jul 2006,4.5
18 Jul 2006,4.5
19 Jul 2006,4.5
20 Jul 2006,4.5
21 Jul 2006,4.5
24 Jul 2006,4.5
25 Jul 2006,4.5
26 Jul 2006,4.5
27 Jul 2006,4.5
28 Jul 2006,4.5
31 Jul 2006,4.5
01 Aug 2006,4.5
02 Aug 2006,4.5
03 Aug 2006,4.75
04 Aug 2006,4.75
07 Aug 2006,4.75
08 Aug 2006,4.75
09 Aug 2006,4.75
10 Aug 2006,4.75
11 Aug 2006,4.75
14 Aug 2006,4.75
15 Aug 2006,4.75
16 Aug 2006,4.75
17 Aug 2006,4.75
18 Aug 2006,4.75
21 Aug 2006,4.75
22 Aug 2006,4.75
23 Aug 2006,4.75
24 Aug 2006,4.75
25 Aug 2006,4.75
29 Aug 2006,4.75
30 Aug 2006,4.75
31 Aug 2006,4.75
01 Sep 2006,4.75
04 Sep 2006,4.75
05 Sep 2006,4.75
06 Sep 2006,4.75
07 Sep 2006,4.75
08 Sep 2006,4.75
11 Sep 2006,4.75
12 Sep 2006,4.75
13 Sep 2006,4.75
14 Sep 2006,4.75
15 Sep 2006,4.75
18 Sep 2006,4.75
19 Sep 2006,4.75
20 Sep 2006,4.75
21 Sep 2006,4.75
22 Sep 2006,4.75
25 Sep 2006,4.75
26 Sep 2006,4.75
27 Sep 2006,4.75
28 Sep 2006,4.75
29 Sep 2006,4.75
02 Oct 2006,4.75
03 Oct 2006,4.75
04 Oct 2006,4.75
05 Oct 2006,4.75
06 Oct 2006,4.75
09 Oct 2006,4.75
10 Oct 2006,4.75
11 Oct 2006,4.75
12 Oct 2006,4.75
13 Oct 2006,4.75
16 Oct 2006,4.75
17 Oct 2006,4.75
18 Oct 2006,4.75
19 Oct 2006,4.75
20 Oct 2006,4.75
23 Oct 2006,4.75
24 Oct 2006,4.75
25 Oct 2006,4.75
26 Oct 2006,4.75
27 Oct 2006,4.75
30 Oct 2006,4.75
31 Oct 2006,4.75
01 Nov 2006,4.75
02 Nov 2006,4.75
03 Nov 2006,4.75
06 Nov 2006,4.75
07 Nov 2006,4.75
08 Nov 2006,4.75
09 Nov 2006,5
10 Nov 2006,5
13 Nov 2006,5
14 Nov 2006,5
15 Nov 2006,5
16 Nov 2006,5
17 Nov 2006,5
20 Nov 2006,5
21 Nov 2006,5
22 Nov 2006,5
23 Nov 2006,5
24 Nov 2006,5
27 Nov 2006,5
28 Nov 2006,5
29 Nov 2006,5
30 Nov 2006,5
01 Dec 2006,5
04 Dec 2006,5
05 Dec 2006,5
06 Dec 2006,5
07 Dec 2006,5
08 Dec 2006,5
11 Dec 2006,5
12 Dec 2006,5
13 Dec 2006,5
14 Dec 2006,5
15 Dec 2006,5
18 Dec 2006,5
19 Dec 2006,5
20 Dec 2006,5
21 Dec 2006,5
22 Dec 2006,5
27 Dec 2006,5
28 Dec 2006,5
29 Dec 2006,5
02 Jan 2007,5
03 Jan 2007,5
04 Jan 2007,5
05 Jan 2007,5
08 Jan 2007,5
09 Jan 2007,5
10 Jan 2007,5
11 Jan 2007,5.25
12 Jan 2007,5.25
15 Jan 2007,5.25
16 Jan 2007,5.25
17 Jan 2007,5.25
18 Jan 2007,5.25
19 Jan 2007,5.25
22 Jan 2007,5.25
23 Jan 2007,5.25
24 Jan 2007,5.25
25 Jan 2007,5.25
26 Jan 2007,5.25
29 Jan 2007,5.25
30 Jan 2007,5.25
31 Jan 2007,5.25
01 Feb 2007,5.25
02 Feb 2007,5.25
05 Feb 2007,5.25
06 Feb 2007,5.25
07 Feb 2007,5.25
08 Feb 2007,5.25
09 Feb 2007,5.25
12 Feb 2007,5.25
13 Feb 2007,5.25
14 Feb 2007,5.25
15 Feb 2007,5.25
16 Feb 2007,5.25
19 Feb 2007,5.25
20 Feb 2007,5.25
21 Feb 2007,5.25
22 Feb 2007,5.25
23 Feb 2007,5.25
26 Feb 2007,5.25
27 Feb 2007,5.25
28 Feb 2007,5.25
01 Mar 2007,5.25
02 Mar 2007,5.25
05 Mar 2007,5.25
06 Mar 2007,5.25
07 Mar 2007,5.25
08 Mar 2007,5.25
09 Mar 2007,5.25
12 Mar 2007,5.25
13 Mar 2007,5.25
14 Mar 2007,5.25
15 Mar 2007,5.25
16 Mar 2007,5.25
19 Mar 2007,5.25
20 Mar 2007,5.25
21 Mar 2007,5.25
22 Mar 2007,5.25
23 Mar 2007,5.25
26 Mar 2007,5.25
27 Mar 2007,5.25
28 Mar 2007,5.25
29 Mar 2007,5.25
30 Mar 2007,5.25
02 Apr 2007,5.25
03 Apr 2007,5.25
04 Apr 2007,5.25
05 Apr 2007,5.25
10 Apr 2007,5.25
11 Apr 2007,5.25
12 Apr 2007,5.25
13 Apr 2007,5.25
16 Apr 2007,5.25
17 Apr 2007,5.25
18 Apr 2007,5.25
19 Apr 2007,5.25
20 Apr 2007,5.25
23 Apr 2007,5.25
24 Apr 2007,5.25
25 Apr 2007,5.25
26 Apr 2007,5.25
27 Apr 2007,5.25
30 Apr 2007,5.25
01 May 2007,5.25
02 May 2007,5.25
03 May 2007,5.25
04 May 2007,5.25
08 May 2007,5.25
09 May 2007,5.25
10 May 2007,5.5
11 May 2007,5.5
14 May 2007,5.5
15 May 2007,5.5
16 May 2007,5.5
17 May 2007,5.5
18 May 2007,5.5
21 May 2007,5.5
22 May 2007,5.5
23 May 2007,5.5
24 May 2007,5.5
25 May 2007,5.5
29 May 2007,5.5
30 May 2007,5.5
31 May 2007,5.5
01 Jun 2007,5.5
04 Jun 2007,5.5
05 Jun 2007,5.5
06 Jun 2007,5.5
07 Jun 2007,5.5
08 Jun 2007,5.5
11 Jun 2007,5.5
12 Jun 2007,5.5
13 Jun 2007,5.5
14 Jun 2007,5.5
15 Jun 2007,5.5
18 Jun 2007,5.5
19 Jun 2007,5.5
20 Jun 2007,5.5
21 Jun 2007,5.5
22 Jun 2007,5.5
25 Jun 2007,5.5
26 Jun 2007,5.5
27 Jun 2007,5.5
28 Jun 2007,5.5
29 Jun 2007,5.5
02 Jul 2007,5.5
03 Jul 2007,5.5
04 Jul 2007,5.5
05 Jul 2007,5.75
06 Jul 2007,5.75
09 Jul 2007,5.75
10 Jul 2007,5.75
11 Jul 2007,5.75
12 Jul 2007,5.75
13 Jul 2007,5.75
16 Jul 2007,5.75
17 Jul 2007,5.75
18 Jul 2007,5.75
19 Jul 2007,5.75
20 Jul 2007,5.75
23 Jul 2007,5.75
24 Jul 2007,5.75
25 Jul 2007,5.75
26 Jul 2007,5.75
27 Jul 2007,5.75
30 Jul 2007,5.75
31 Jul 2007,5.75
01 Aug 2007,5.75
02 Aug 2007,5.75
03 Aug 2007,5.75
06 Aug 2007,5.75
07 Aug 2007,5.75
08 Aug 2007,5.75
09 Aug 2007,5.75
10 Aug 2007,5.75
13 Aug 2007,5.75
14 Aug 2007,5.75
15 Aug 2007,5.75
16 Aug 2007,5.75
17 Aug 2007,5.75
20 Aug 2007,5.75
21 Aug 2007,5.75
22 Aug 2007,5.75
23 Aug 2007,5.75
24 Aug 2007,5.75
28 Aug 2007,5.75
29 Aug 2007,5.75
30 Aug 2007,5.75
31 Aug 2007,5.75
03 Sep 2007,5.75
04 Sep 2007,5.75
05 Sep 2007,5.75
06 Sep 2007,5.75
07 Sep 2007,5.75
10 Sep 2007,5.75
11 Sep 2007,5.75
12 Sep 2007,5.75
13 Sep 2007,5.75
14 Sep 2007,5.75
17 Sep 2007,5.75
18 Sep 2007,5.75
19 Sep 2007,5.75
20 Sep 2007,5.75
21 Sep 2007,5.75
24 Sep 2007,5.75
25 Sep 2007,5.75
26 Sep 2007,5.75
27 Sep 2007,5.75
28 Sep 2007,5.75
01 Oct 2007,5.75
02 Oct 2007,5.75
03 Oct 2007,5.75
04 Oct 2007,5.75
05 Oct 2007,5.75
08 Oct 2007,5.75
09 Oct 2007,5.75
10 Oct 2007,5.75
11 Oct 2007,5.75
12 Oct 2007,5.75
15 Oct 2007,5.75
16 Oct 2007,5.75
17 Oct 2007,5.75
18 Oct 2007,5.75
19 Oct 2007,5.75
22 Oct 2007,5.75
23 Oct 2007,5.75
24 Oct 2007,5.75
25 Oct 2007,5.75
26 Oct 2007,5.75
29 Oct 2007,5.75
30 Oct 2007,5.75
31 Oct 2007,5.75
01 Nov 2007,5.75
02 Nov 2007,5.75
05 Nov 2007,5.75
06 Nov 2007,5.75
07 Nov 2007,5.75
08 Nov 2007,5.75
09 Nov 2007,5.75
12 Nov 2007,5.75
13 Nov 2007,5.75
14 Nov 2007,5.75
15 Nov 2007,5.75
16 Nov 2007,5.75
19 Nov 2007,5.75
20 Nov 2007,5.75
21 Nov 2007,5.75
22 Nov 2007,5.75
23 Nov 2007,5.75
26 Nov 2007,5.75
27 Nov 2007,5.75
28 Nov 2007,5.75
29 Nov 2007,5.75
30 Nov 2007,5.75
03 Dec 2007,5.75
04 Dec 2007,5.75
05 Dec 2007,5.75
06 Dec 2007,5.5
07 Dec 2007,5.5
10 Dec 2007,5.5
11 Dec 2007,5.5
12 Dec 2007,5.5
13 Dec 2007,5.5
14 Dec 2007,5.5
17 Dec 2007,5.5
18 Dec 2007,5.5
19 Dec 2007,5.5
20 Dec 2007,5.5
21 Dec 2007,5.5
24 Dec 2007,5.5
27 Dec 2007,5.5
28 Dec 2007,5.5
31 Dec 2007,5.5
02 Jan 2008,5.5
03 Jan 2008,5.5
04 Jan 2008,5.5
07 Jan 2008,5.5
08 Jan 2008,5.5
09 Jan 2008,5.5
10 Jan 2008,5.5
11 Jan 2008,5.5
14 Jan 2008,5.5
15 Jan 2008,5.5
16 Jan 2008,5.5
17 Jan 2008,5.5
18 Jan 2008,5.5
21 Jan 2008,5.5
22 Jan 2008,5.5
23 Jan 2008,5.5
24 Jan 2008,5.5
25 Jan 2008,5.5
28 Jan 2008,5.5
29 Jan 2008,5.5
30 Jan 2008,5.5
31 Jan 2008,5.5
01 Feb 2008,5.5
04 Feb 2008,5.5
05 Feb 2008,5.5
06 Feb 2008,5.5
07 Feb 2008,5.25
08 Feb 2008,5.25
11 Feb 2008,5.25
12 Feb 2008,5.25
13 Feb 2008,5.25
14 Feb 2008,5.25
15 Feb 2008,5.25
18 Feb 2008,5.25
19 Feb 2008,5.25
20 Feb 2008,5.25
21 Feb 2008,5.25
22 Feb 2008,5.25
25 Feb 2008,5.25
26 Feb 2008,5.25
27 Feb 2008,5.25
28 Feb 2008,5.25
29 Feb 2008,5.25
03 Mar 2008,5.25
04 Mar 2008,5.25
05 Mar 2008,5.25
06 Mar 2008,5.25
07 Mar 2008,5.25
10 Mar 2008,5.25
11 Mar 2008,5.25
12 Mar 2008,5.25
13 Mar 2008,5.25
14 Mar 2008,5.25
17 Mar 2008,5.25
18 Mar 2008,5.25
19 Mar 2008,5.25
20 Mar 2008,5.25
25 Mar 2008,5.25
26 Mar 2008,5.25
27 Mar 2008,5.25
28 Mar 2008,5.25
31 Mar 2008,5.25
01 Apr 2008,5.25
02 Apr 2008,5.25
03 Apr 2008,5.25
04 Apr 2008,5.25
07 Apr 2008,5.25
08 Apr 2008,5.25
09 Apr 2008,5.25
10 Apr 2008,5
11 Apr 2008,5
14 Apr 2008,5
15 Apr 2008,5
16 Apr 2008,5
17 Apr 2008,5
18 Apr 2008,5
21 Apr 2008,5
22 Apr 2008,5
23 Apr 2008,5
24 Apr 2008,5
25 Apr 2008,5
28 Apr 2008,5
29 Apr 2008,5
30 Apr 2008,5
01 May 2008,5
02 May 2008,5
06 May 2008,5
07 May 2008,5
08 May 2008,5
09 May 2008,5
12 May 2008,5
13 May 2008,5
14 May 2008,5
15 May 2008,5
16 May 2008,5
19 May 2008,5
20 May 2008,5
21 May 2008,5
22 May 2008,5
23 May 2008,5
27 May 2008,5
28 May 2008,5
29 May 2008,5
30 May 2008,5
02 Jun 2008,5
03 Jun 2008,5
04 Jun 2008,5
05 Jun 2008,5
06 Jun 2008,5
09 Jun 2008,5
10 Jun 2008,5
11 Jun 2008,5
12 Jun 2008,5
13 Jun 2008,5
16 Jun 2008,5
17 Jun 2008,5
18 Jun 2008,5
19 Jun 2008,5
20 Jun 2008,5
23 Jun 2008,5
24 Jun 2008,5
25 Jun 2008,5
26 Jun 2008,5
27 Jun 2008,5
30 Jun 2008,5
01 Jul 2008,5
02 Jul 2008,5
03 Jul 2008,5
04 Jul 2008,5
07 Jul 2008,5
08 Jul 2008,5
09 Jul 2008,5
10 Jul 2008,5
11 Jul 2008,5
14 Jul 2008,5
15 Jul 2008,5
16 Jul 2008,5
17 Jul 2008,5
18 Jul 2008,5
21 Jul 2008,5
22 Jul 2008,5
23 Jul 2008,5
24 Jul 2008,5
25 Jul 2008,5
28 Jul 2008,5
29 Jul 2008,5
30 Jul 2008,5
31 Jul 2008,5
01 Aug 2008,5
04 Aug 2008,5
05 Aug 2008,5
06 Aug 2008,5
07 Aug 2008,5
08 Aug 2008,5
11 Aug 2008,5
12 Aug 2008,5
13 Aug 2008,5
14 Aug 2008,5
15 Aug 2008,5
18 Aug 2008,5
19 Aug 2008,5
20 Aug 2008,5
21 Aug 2008,5
22 Aug 2008,5
26 Aug 2008,5
27 Aug 2008,5
28 Aug 2008,5
29 Aug 2008,5
01 Sep 2008,5
02 Sep 2008,5
03 Sep 2008,5
04 Sep 2008,5
05 Sep 2008,5
08 Sep 2008,5
09 Sep 2008,5
10 Sep 2008,5
11 Sep 2008,5
12 Sep 2008,5
15 Sep 2008,5
16 Sep 2008,5
17 Sep 2008,5
18 Sep 2008,5
19 Sep 2008,5
22 Sep 2008,5
23 Sep 2008,5
24 Sep 2008,5
25 Sep 2008,5
26 Sep 2008,5
29 Sep 2008,5
30 Sep 2008,5
01 Oct 2008,5
02 Oct 2008,5
03 Oct 2008,5
06 Oct 2008,5
07 Oct 2008,5
08 Oct 2008,4.5
09 Oct 2008,4.5
10 Oct 2008,4.5
13 Oct 2008,4.5
14 Oct 2008,4.5
15 Oct 2008,4.5
16 Oct 2008,4.5
17 Oct 2008,4.5
20 Oct 2008,4.5
21 Oct 2008,4.5
22 Oct 2008,4.5
23 Oct 2008,4.5
24 Oct 2008,4.5
27 Oct 2008,4.5
28 Oct 2008,4.5
29 Oct 2008,4.5
30 Oct 2008,4.5
31 Oct 2008,4.5
03 Nov 2008,4.5
04 Nov 2008,4.5
05 Nov 2008,4.5
06 Nov 2008,3
07 Nov 2008,3
10 Nov 2008,3
11 Nov 2008,3
12 Nov 2008,3
13 Nov 2008,3
14 Nov 2008,3
17 Nov 2008,3
18 Nov 2008,3
19 Nov 2008,3
20 Nov 2008,3
21 Nov 2008,3
24 Nov 2008,3
25 Nov 2008,3
26 Nov 2008,3
27 Nov 2008,3
28 Nov 2008,3
01 Dec 2008,3
02 Dec 2008,3
03 Dec 2008,3
04 Dec 2008,2
05 Dec 2008,2
08 Dec 2008,2
09 Dec 2008,2
10 Dec 2008,2
11 Dec 2008,2
12 Dec 2008,2
15 Dec 2008,2
16 Dec 2008,2
17 Dec 2008,2
18 Dec 2008,2
19 Dec 2008,2
22 Dec 2008,2
23 Dec 2008,2
24 Dec 2008,2
29 Dec 2008,2
30 Dec 2008,2
31 Dec 2008,2
02 Jan 2009,2
05 Jan 2009,2
06 Jan 2009,2
07 Jan 2009,2
08 Jan 2009,1.5
09 Jan 2009,1.5
12 Jan 2009,1.5
13 Jan 2009,1.5
14 Jan 2009,1.5
15 Jan 2009,1.5
16 Jan 2009,1.5
19 Jan 2009,1.5
20 Jan 2009,1.5
21 Jan 2009,1.5
22 Jan 2009,1.5
23 Jan 2009,1.5
26 Jan 2009,1.5
27 Jan 2009,1.5
28 Jan 2009,1.5
29 Jan 2009,1.5
30 Jan 2009,1.5
02 Feb 2009,1.5
03 Feb 2009,1.5
04 Feb 2009,1.5
05 Feb 2009,1
06 Feb 2009,1
09 Feb 2009,1
10 Feb 2009,1
11 Feb 2009,1
12 Feb 2009,1
13 Feb 2009,1
16 Feb 2009,1
17 Feb 2009,1
18 Feb 2009,1
19 Feb 2009,1
20 Feb 2009,1
23 Feb 2009,1
24 Feb 2009,1
25 Feb 2009,1
26 Feb 2009,1
27 Feb 2009,1
02 Mar 2009,1
03 Mar 2009,1
04 Mar 2009,1
05 Mar 2009,0.5
06 Mar 2009,0.5
09 Mar 2009,0.5
10 Mar 2009,0.5
11 Mar 2009,0.5
12 Mar 2009,0.5
13 Mar 2009,0.5
16 Mar 2009,0.5
17 Mar 2009,0.5
18 Mar 2009,0.5
19 Mar 2009,0.5
20 Mar 2009,0.5
23 Mar 2009,0.5
24 Mar 2009,0.5
25 Mar 2009,0.5
26 Mar 2009,0.5
27 Mar 2009,0.5
30 Mar 2009,0.5
31 Mar 2009,0.5
01 Apr 2009,0.5
02 Apr 2009,0.5
03 Apr 2009,0.5
06 Apr 2009,0.5
07 Apr 2009,0.5
08 Apr 2009,0.5
09 Apr 2009,0.5
14 Apr 2009,0.5
15 Apr 2009,0.5
16 Apr 2009,0.5
17 Apr 2009,0.5
20 Apr 2009,0.5
21 Apr 2009,0.5
22 Apr 2009,0.5
23 Apr 2009,0.5
24 Apr 2009,0.5
27 Apr 2009,0.5
28 Apr 2009,0.5
29 Apr 2009,0.5
30 Apr 2009,0.5
01 May 2009,0.5
05 May 2009,0.5
06 May 2009,0.5
07 May 2009,0.5
08 May 2009,0.5
11 May 2009,0.5
12 May 2009,0.5
13 May 2009,0.5
14 May 2009,0.5
15 May 2009,0.5
18 May 2009,0.5
19 May 2009,0.5
20 May 2009,0.5
21 May 2009,0.5
22 May 2009,0.5
26 May 2009,0.5
27 May 2009,0.5
28 May 2009,0.5
29 May 2009,0.5
01 Jun 2009,0.5
02 Jun 2009,0.5
03 Jun 2009,0.5
04 Jun 2009,0.5
05 Jun 2009,0.5
08 Jun 2009,0.5
09 Jun 2009,0.5
10 Jun 2009,0.5
11 Jun 2009,0.5
12 Jun 2009,0.5
15 Jun 2009,0.5
16 Jun 2009,0.5
17 Jun 2009,0.5
18 Jun 2009,0.5
19 Jun 2009,0.5
22 Jun 2009,0.5
23 Jun 2009,0.5
24 Jun 2009,0.5
25 Jun 2009,0.5
26 Jun 2009,0.5
29 Jun 2009,0.5
30 Jun 2009,0.5
01 Jul 2009,0.5
02 Jul 2009,0.5
03 Jul 2009,0.5
06 Jul 2009,0.5
07 Jul 2009,0.5
08 Jul 2009,0.5
09 Jul 2009,0.5
10 Jul 2009,0.5
13 Jul 2009,0.5
14 Jul 2009,0.5
15 Jul 2009,0.5
16 Jul 2009,0.5
17 Jul 2009,0.5
20 Jul 2009,0.5
21 Jul 2009,0.5
22 Jul 2009,0.5
23 Jul 2009,0.5
24 Jul 2009,0.5
27 Jul 2009,0.5
28 Jul 2009,0.5
29 Jul 2009,0.5
30 Jul 2009,0.5
31 Jul 2009,0.5
03 Aug 2009,0.5
04 Aug 2009,0.5
05 Aug 2009,0.5
06 Aug 2009,0.5
07 Aug 2009,0.5
10 Aug 2009,0.5
11 Aug 2009,0.5
12 Aug 2009,0.5
13 Aug 2009,0.5
14 Aug 2009,0.5
17 Aug 2009,0.5
18 Aug 2009,0.5
19 Aug 2009,0.5
20 Aug 2009,0.5
21 Aug 2009,0.5
24 Aug 2009,0.5
25 Aug 2009,0.5
26 Aug 2009,0.5
27 Aug 2009,0.5
28 Aug 2009,0.5
01 Sep 2009,0.5
02 Sep 2009,0.5
03 Sep 2009,0.5
04 Sep 2009,0.5
07 Sep 2009,0.5
08 Sep 2009,0.5
09 Sep 2009,0.5
10 Sep 2009,0.5
11 Sep 2009,0.5
14 Sep 2009,0.5
15 Sep 2009,0.5
16 Sep 2009,0.5
17 Sep 2009,0.5
18 Sep 2009,0.5
21 Sep 2009,0.5
22 Sep 2009,0.5
23 Sep 2009,0.5
24 Sep 2009,0.5
25 Sep 2009,0.5
28 Sep 2009,0.5
29 Sep 2009,0.5
30 Sep 2009,0.5
01 Oct 2009,0.5
02 Oct 2009,0.5
05 Oct 2009,0.5
06 Oct 2009,0.5
07 Oct 2009,0.5
08 Oct 2009,0.5
09 Oct 2009,0.5
12 Oct 2009,0.5
13 Oct 2009,0.5
14 Oct 2009,0.5
15 Oct 2009,0.5
16 Oct 2009,0.5
19 Oct 2009,0.5
20 Oct 2009,0.5
21 Oct 2009,0.5
22 Oct 2009,0.5
23 Oct 2009,0.5
26 Oct 2009,0.5
27 Oct 2009,0.5
28 Oct 2009,0.5
29 Oct 2009,0.5
30 Oct 2009,0.5
02 Nov 2009,0.5
03 Nov 2009,0.5
04 Nov 2009,0.5
05 Nov 2009,0.5
06 Nov 2009,0.5
09 Nov 2009,0.5
10 Nov 2009,0.5
11 Nov 2009,0.5
12 Nov 2009,0.5
13 Nov 2009,0.5
16 Nov 2009,0.5
17 Nov 2009,0.5
18 Nov 2009,0.5
19 Nov 2009,0.5
20 Nov 2009,0.5
23 Nov 2009,0.5
24 Nov 2009,0.5
25 Nov 2009,0.5
26 Nov 2009,0.5
27 Nov 2009,0.5
30 Nov 2009,0.5
01 Dec 2009,0.5
02 Dec 2009,0.5
03 Dec 2009,0.5
04 Dec 2009,0.5
07 Dec 2009,0.5
08 Dec 2009,0.5
09 Dec 2009,0.5
10 Dec 2009,0.5
11 Dec 2009,0.5
14 Dec 2009,0.5
15 Dec 2009,0.5
16 Dec 2009,0.5
17 Dec 2009,0.5
18 Dec 2009,0.5
21 Dec 2009,0.5
22 Dec 2009,0.5
23 Dec 2009,0.5
24 Dec 2009,0.5
29 Dec 2009,0.5
30 Dec 2009,0.5
31 Dec 2009,0.5
04 Jan 2010,0.5
05 Jan 2010,0.5
06 Jan 2010,0.5
07 Jan 2010,0.5
08 Jan 2010,0.5
11 Jan 2010,0.5
12 Jan 2010,0.5
13 Jan 2010,0.5
14 Jan 2010,0.5
15 Jan 2010,0.5
18 Jan 2010,0.5
19 Jan 2010,0.5
20 Jan 2010,0.5
21 Jan 2010,0.5
22 Jan 2010,0.5
25 Jan 2010,0.5
26 Jan 2010,0.5
27 Jan 2010,0.5
28 Jan 2010,0.5
29 Jan 2010,0.5
01 Feb 2010,0.5
02 Feb 2010,0.5
03 Feb 2010,0.5
04 Feb 2010,0.5
05 Feb 2010,0.5
08 Feb 2010,0.5
09 Feb 2010,0.5
10 Feb 2010,0.5
11 Feb 2010,0.5
12 Feb 2010,0.5
15 Feb 2010,0.5
16 Feb 2010,0.5
17 Feb 2010,0.5
18 Feb 2010,0.5
19 Feb 2010,0.5
22 Feb 2010,0.5
23 Feb 2010,0.5
24 Feb 2010,0.5
25 Feb 2010,0.5
26 Feb 2010,0.5
01 Mar 2010,0.5
02 Mar 2010,0.5
03 Mar 2010,0.5
04 Mar 2010,0.5
05 Mar 2010,0.5
08 Mar 2010,0.5
09 Mar 2010,0.5
10 Mar 2010,0.5
11 Mar 2010,0.5
12 Mar 2010,0.5
15 Mar 2010,0.5
16 Mar 2010,0.5
17 Mar 2010,0.5
18 Mar 2010,0.5
19 Mar 2010,0.5
22 Mar 2010,0.5
23 Mar 2010,0.5
24 Mar 2010,0.5
25 Mar 2010,0.5
26 Mar 2010,0.5
29 Mar 2010,0.5
30 Mar 2010,0.5
31 Mar 2010,0.5
01 Apr 2010,0.5
06 Apr 2010,0.5
07 Apr 2010,0.5
08 Apr 2010,0.5
09 Apr 2010,0.5
12 Apr 2010,0.5
13 Apr 2010,0.5
14 Apr 2010,0.5
15 Apr 2010,0.5
16 Apr 2010,0.5
19 Apr 2010,0.5
20 Apr 2010,0.5
21 Apr 2010,0.5
22 Apr 2010,0.5
23 Apr 2010,0.5
26 Apr 2010,0.5
27 Apr 2010,0.5
28 Apr 2010,0.5
29 Apr 2010,0.5
30 Apr 2010,0.5
04 May 2010,0.5
05 May 2010,0.5
06 May 2010,0.5
07 May 2010,0.5
10 May 2010,0.5
11 May 2010,0.5
12 May 2010,0.5
13 May 2010,0.5
14 May 2010,0.5
17 May 2010,0.5
18 May 2010,0.5
19 May 2010,0.5
20 May 2010,0.5
21 May 2010,0.5
24 May 2010,0.5
25 May 2010,0.5
26 May 2010,0.5
27 May 2010,0.5
28 May 2010,0.5
01 Jun 2010,0.5
02 Jun 2010,0.5
03 Jun 2010,0.5
04 Jun 2010,0.5
07 Jun 2010,0.5
08 Jun 2010,0.5
09 Jun 2010,0.5
10 Jun 2010,0.5
11 Jun 2010,0.5
14 Jun 2010,0.5
15 Jun 2010,0.5
16 Jun 2010,0.5
17 Jun 2010,0.5
18 Jun 2010,0.5
21 Jun 2010,0.5
22 Jun 2010,0.5
23 Jun 2010,0.5
24 Jun 2010,0.5
25 Jun 2010,0.5
28 Jun 2010,0.5
29 Jun 2010,0.5
30 Jun 2010,0.5
01 Jul 2010,0.5
02 Jul 2010,0.5
05 Jul 2010,0.5
06 Jul 2010,0.5
07 Jul 2010,0.5
08 Jul 2010,0.5
09 Jul 2010,0.5
12 Jul 2010,0.5
13 Jul 2010,0.5
14 Jul 2010,0.5
15 Jul 2010,0.5
16 Jul 2010,0.5
19 Jul 2010,0.5
20 Jul 2010,0.5
21 Jul 2010,0.5
22 Jul 2010,0.5
23 Jul 2010,0.5
26 Jul 2010,0.5
27 Jul 2010,0.5
28 Jul 2010,0.5
29 Jul 2010,0.5
30 Jul 2010,0.5
02 Aug 2010,0.5
03 Aug 2010,0.5
04 Aug 2010,0.5
05 Aug 2010,0.5
06 Aug 2010,0.5
09 Aug 2010,0.5
10 Aug 2010,0.5
11 Aug 2010,0.5
12 Aug 2010,0.5
13 Aug 2010,0.5
16 Aug 2010,0.5
17 Aug 2010,0.5
18 Aug 2010,0.5
19 Aug 2010,0.5
20 Aug 2010,0.5
23 Aug 2010,0.5
24 Aug 2010,0.5
25 Aug 2010,0.5
26 Aug 2010,0.5
27 Aug 2010,0.5
31 Aug 2010,0.5
01 Sep 2010,0.5
02 Sep 2010,0.5
03 Sep 2010,0.5
06 Sep 2010,0.5
07 Sep 2010,0.5
08 Sep 2010,0.5
09 Sep 2010,0.5
10 Sep 2010,0.5
13 Sep 2010,0.5
14 Sep 2010,0.5
15 Sep 2010,0.5
16 Sep 2010,0.5
17 Sep 2010,0.5
20 Sep 2010,0.5
21 Sep 2010,0.5
22 Sep 2010,0.5
23 Sep 2010,0.5
24 Sep 2010,0.5
27 Sep 2010,0.5
28 Sep 2010,0.5
29 Sep 2010,0.5
30 Sep 2010,0.5
01 Oct 2010,0.5
04 Oct 2010,0.5
05 Oct 2010,0.5
06 Oct 2010,0.5
07 Oct 2010,0.5
08 Oct 2010,0.5
11 Oct 2010,0.5
12 Oct 2010,0.5
13 Oct 2010,0.5
14 Oct 2010,0.5
15 Oct 2010,0.5
18 Oct 2010,0.5
19 Oct 2010,0.5
20 Oct 2010,0.5
21 Oct 2010,0.5
22 Oct 2010,0.5
25 Oct 2010,0.5
26 Oct 2010,0.5
27 Oct 2010,0.5
28 Oct 2010,0.5
29 Oct 2010,0.5
01 Nov 2010,0.5
02 Nov 2010,0.5
03 Nov 2010,0.5
04 Nov 2010,0.5
05 Nov 2010,0.5
08 Nov 2010,0.5
09 Nov 2010,0.5
10 Nov 2010,0.5
11 Nov 2010,0.5
12 Nov 2010,0.5
15 Nov 2010,0.5
16 Nov 2010,0.5
17 Nov 2010,0.5
18 Nov 2010,0.5
19 Nov 2010,0.5
22 Nov 2010,0.5
23 Nov 2010,0.5
24 Nov 2010,0.5
25 Nov 2010,0.5
26 Nov 2010,0.5
29 Nov 2010,0.5
30 Nov 2010,0.5
01 Dec 2010,0.5
02 Dec 2010,0.5
03 Dec 2010,0.5
06 Dec 2010,0.5
07 Dec 2010,0.5
08 Dec 2010,0.5
09 Dec 2010,0.5
10 Dec 2010,0.5
13 Dec 2010,0.5
14 Dec 2010,0.5
15 Dec 2010,0.5
16 Dec 2010,0.5
17 Dec 2010,0.5
20 Dec 2010,0.5
21 Dec 2010,0.5
22 Dec 2010,0.5
23 Dec 2010,0.5
24 Dec 2010,0.5
29 Dec 2010,0.5
30 Dec 2010,0.5
31 Dec 2010,0.5
04 Jan 2011,0.5
05 Jan 2011,0.5
06 Jan 2011,0.5
07 Jan 2011,0.5
10 Jan 2011,0.5
11 Jan 2011,0.5
12 Jan 2011,0.5
13 Jan 2011,0.5
14 Jan 2011,0.5
17 Jan 2011,0.5
18 Jan 2011,0.5
19 Jan 2011,0.5
20 Jan 2011,0.5
21 Jan 2011,0.5
24 Jan 2011,0.5
25 Jan 2011,0.5
26 Jan 2011,0.5
27 Jan 2011,0.5
28 Jan 2011,0.5
31 Jan 2011,0.5
01 Feb 2011,0.5
02 Feb 2011,0.5
03 Feb 2011,0.5
04 Feb 2011,0.5
07 Feb 2011,0.5
08 Feb 2011,0.5
09 Feb 2011,0.5
10 Feb 2011,0.5
11 Feb 2011,0.5
14 Feb 2011,0.5
15 Feb 2011,0.5
16 Feb 2011,0.5
17 Feb 2011,0.5
18 Feb 2011,0.5
21 Feb 2011,0.5
22 Feb 2011,0.5
23 Feb 2011,0.5
24 Feb 2011,0.5
25 Feb 2011,0.5
28 Feb 2011,0.5
01 Mar 2011,0.5
02 Mar 2011,0.5
03 Mar 2011,0.5
04 Mar 2011,0.5
07 Mar 2011,0.5
08 Mar 2011,0.5
09 Mar 2011,0.5
10 Mar 2011,0.5
11 Mar 2011,0.5
14 Mar 2011,0.5
15 Mar 2011,0.5
16 Mar 2011,0.5
17 Mar 2011,0.5
18 Mar 2011,0.5
21 Mar 2011,0.5
22 Mar 2011,0.5
23 Mar 2011,0.5
24 Mar 2011,0.5
25 Mar 2011,0.5
28 Mar 2011,0.5
29 Mar 2011,0.5
30 Mar 2011,0.5
31 Mar 2011,0.5
01 Apr 2011,0.5
04 Apr 2011,0.5
05 Apr 2011,0.5
06 Apr 2011,0.5
07 Apr 2011,0.5
08 Apr 2011,0.5
11 Apr 2011,0.5
12 Apr 2011,0.5
13 Apr 2011,0.5
14 Apr 2011,0.5
15 Apr 2011,0.5
18 Apr 2011,0.5
19 Apr 2011,0.5
20 Apr 2011,0.5
21 Apr 2011,0.5
26 Apr 2011,0.5
27 Apr 2011,0.5
28 Apr 2011,0.5
03 May 2011,0.5
04 May 2011,0.5
05 May 2011,0.5
06 May 2011,0.5
09 May 2011,0.5
10 May 2011,0.5
11 May 2011,0.5
12 May 2011,0.5
13 May 2011,0.5
16 May 2011,0.5
17 May 2011,0.5
18 May 2011,0.5
19 May 2011,0.5
20 May 2011,0.5
23 May 2011,0.5
24 May 2011,0.5
25 May 2011,0.5
26 May 2011,0.5
27 May 2011,0.5
31 May 2011,0.5
01 Jun 2011,0.5
02 Jun 2011,0.5
03 Jun 2011,0.5
06 Jun 2011,0.5
07 Jun 2011,0.5
08 Jun 2011,0.5
09 Jun 2011,0.5
10 Jun 2011,0.5
13 Jun 2011,0.5
14 Jun 2011,0.5
15 Jun 2011,0.5
16 Jun 2011,0.5
17 Jun 2011,0.5
20 Jun 2011,0.5
21 Jun 2011,0.5
22 Jun 2011,0.5
23 Jun 2011,0.5
24 Jun 2011,0.5
27 Jun 2011,0.5
28 Jun 2011,0.5
29 Jun 2011,0.5
30 Jun 2011,0.5
01 Jul 2011,0.5
04 Jul 2011,0.5
05 Jul 2011,0.5
06 Jul 2011,0.5
07 Jul 2011,0.5
08 Jul 2011,0.5
11 Jul 2011,0.5
12 Jul 2011,0.5
13 Jul 2011,0.5
14 Jul 2011,0.5
15 Jul 2011,0.5
18 Jul 2011,0.5
19 Jul 2011,0.5
20 Jul 2011,0.5
21 Jul 2011,0.5
22 Jul 2011,0.5
25 Jul 2011,0.5
26 Jul 2011,0.5
27 Jul 2011,0.5
28 Jul 2011,0.5
29 Jul 2011,0.5
01 Aug 2011,0.5
02 Aug 2011,0.5
03 Aug 2011,0.5
04 Aug 2011,0.5
05 Aug 2011,0.5
08 Aug 2011,0.5
09 Aug 2011,0.5
10 Aug 2011,0.5
11 Aug 2011,0.5
12 Aug 2011,0.5
15 Aug 2011,0.5
16 Aug 2011,0.5
17 Aug 2011,0.5
18 Aug 2011,0.5
19 Aug 2011,0.5
22 Aug 2011,0.5
23 Aug 2011,0.5
24 Aug 2011,0.5
25 Aug 2011,0.5
26 Aug 2011,0.5
30 Aug 2011,0.5
31 Aug 2011,0.5
01 Sep 2011,0.5
02 Sep 2011,0.5
05 Sep 2011,0.5
06 Sep 2011,0.5
07 Sep 2011,0.5
08 Sep 2011,0.5
09 Sep 2011,0.5
12 Sep 2011,0.5
13 Sep 2011,0.5
14 Sep 2011,0.5
15 Sep 2011,0.5
16 Sep 2011,0.5
19 Sep 2011,0.5
20 Sep 2011,0.5
21 Sep 2011,0.5
22 Sep 2011,0.5
23 Sep 2011,0.5
26 Sep 2011,0.5
27 Sep 2011,0.5
28 Sep 2011,0.5
29 Sep 2011,0.5
30 Sep 2011,0.5
03 Oct 2011,0.5
04 Oct 2011,0.5
05 Oct 2011,0.5
06 Oct 2011,0.5
07 Oct 2011,0.5
10 Oct 2011,0.5
11 Oct 2011,0.5
12 Oct 2011,0.5
13 Oct 2011,0.5
14 Oct 2011,0.5
17 Oct 2011,0.5
18 Oct 2011,0.5
19 Oct 2011,0.5
20 Oct 2011,0.5
21 Oct 2011,0.5
24 Oct 2011,0.5
25 Oct 2011,0.5
26 Oct 2011,0.5
27 Oct 2011,0.5
28 Oct 2011,0.5
31 Oct 2011,0.5
01 Nov 2011,0.5
02 Nov 2011,0.5
03 Nov 2011,0.5
04 Nov 2011,0.5
07 Nov 2011,0.5
08 Nov 2011,0.5
09 Nov 2011,0.5
10 Nov 2011,0.5
11 Nov 2011,0.5
14 Nov 2011,0.5
15 Nov 2011,0.5
16 Nov 2011,0.5
17 Nov 2011,0.5
18 Nov 2011,0.5
21 Nov 2011,0.5
22 Nov 2011,0.5
23 Nov 2011,0.5
24 Nov 2011,0.5
25 Nov 2011,0.5
28 Nov 2011,0.5
29 Nov 2011,0.5
30 Nov 2011,0.5
01 Dec 2011,0.5
02 Dec 2011,0.5
05 Dec 2011,0.5
06 Dec 2011,0.5
07 Dec 2011,0.5
08 Dec 2011,0.5
09 Dec 2011,0.5
12 Dec 2011,0.5
13 Dec 2011,0.5
14 Dec 2011,0.5
15 Dec 2011,0.5
16 Dec 2011,0.5
19 Dec 2011,0.5
20 Dec 2011,0.5
21 Dec 2011,0.5
22 Dec 2011,0.5
23 Dec 2011,0.5
28 Dec 2011,0.5
29 Dec 2011,0.5
30 Dec 2011,0.5
03 Jan 2012,0.5
04 Jan 2012,0.5
05 Jan 2012,0.5
06 Jan 2012,0.5
09 Jan 2012,0.5
10 Jan 2012,0.5
11 Jan 2012,0.5
12 Jan 2012,0.5
13 Jan 2012,0.5
16 Jan 2012,0.5
17 Jan 2012,0.5
18 Jan 2012,0.5
19 Jan 2012,0.5
20 Jan 2012,0.5
23 Jan 2012,0.5
24 Jan 2012,0.5
25 Jan 2012,0.5
26 Jan 2012,0.5
27 Jan 2012,0.5
30 Jan 2012,0.5
31 Jan 2012,0.5
01 Feb 2012,0.5
02 Feb 2012,0.5
03 Feb 2012,0.5
06 Feb 2012,0.5
07 Feb 2012,0.5
08 Feb 2012,0.5
09 Feb 2012,0.5
10 Feb 2012,0.5
13 Feb 2012,0.5
14 Feb 2012,0.5
15 Feb 2012,0.5
16 Feb 2012,0.5
17 Feb 2012,0.5
20 Feb 2012,0.5
21 Feb 2012,0.5
22 Feb 2012,0.5
23 Feb 2012,0.5
24 Feb 2012,0.5
27 Feb 2012,0.5
28 Feb 2012,0.5
29 Feb 2012,0.5
01 Mar 2012,0.5
02 Mar 2012,0.5
05 Mar 2012,0.5
06 Mar 2012,0.5
07 Mar 2012,0.5
08 Mar 2012,0.5
09 Mar 2012,0.5
12 Mar 2012,0.5
13 Mar 2012,0.5
14 Mar 2012,0.5
15 Mar 2012,0.5
16 Mar 2012,0.5
19 Mar 2012,0.5
20 Mar 2012,0.5
21 Mar 2012,0.5
22 Mar 2012,0.5
23 Mar 2012,0.5
26 Mar 2012,0.5
27 Mar 2012,0.5
28 Mar 2012,0.5
29 Mar 2012,0.5
30 Mar 2012,0.5
02 Apr 2012,0.5
03 Apr 2012,0.5
04 Apr 2012,0.5
05 Apr 2012,0.5
10 Apr 2012,0.5
11 Apr 2012,0.5
12 Apr 2012,0.5
13 Apr 2012,0.5
16 Apr 2012,0.5
17 Apr 2012,0.5
18 Apr 2012,0.5
19 Apr 2012,0.5
20 Apr 2012,0.5
23 Apr 2012,0.5
24 Apr 2012,0.5
25 Apr 2012,0.5
26 Apr 2012,0.5
27 Apr 2012,0.5
30 Apr 2012,0.5
01 May 2012,0.5
02 May 2012,0.5
03 May 2012,0.5
04 May 2012,0.5
08 May 2012,0.5
09 May 2012,0.5
10 May 2012,0.5
11 May 2012,0.5
14 May 2012,0.5
15 May 2012,0.5
16 May 2012,0.5
17 May 2012,0.5
18 May 2012,0.5
21 May 2012,0.5
22 May 2012,0.5
23 May 2012,0.5
24 May 2012,0.5
25 May 2012,0.5
28 May 2012,0.5
29 May 2012,0.5
30 May 2012,0.5
31 May 2012,0.5
01 Jun 2012,0.5
06 Jun 2012,0.5
07 Jun 2012,0.5
08 Jun 2012,0.5
11 Jun 2012,0.5
12 Jun 2012,0.5
13 Jun 2012,0.5
14 Jun 2012,0.5
15 Jun 2012,0.5
18 Jun 2012,0.5
19 Jun 2012,0.5
20 Jun 2012,0.5
21 Jun 2012,0.5
22 Jun 2012,0.5
25 Jun 2012,0.5
26 Jun 2012,0.5
27 Jun 2012,0.5
28 Jun 2012,0.5
29 Jun 2012,0.5
02 Jul 2012,0.5
03 Jul 2012,0.5
04 Jul 2012,0.5
05 Jul 2012,0.5
06 Jul 2012,0.5
09 Jul 2012,0.5
10 Jul 2012,0.5
11 Jul 2012,0.5
12 Jul 2012,0.5
13 Jul 2012,0.5
16 Jul 2012,0.5
17 Jul 2012,0.5
18 Jul 2012,0.5
19 Jul 2012,0.5
20 Jul 2012,0.5
23 Jul 2012,0.5
24 Jul 2012,0.5
25 Jul 2012,0.5
26 Jul 2012,0.5
27 Jul 2012,0.5
30 Jul 2012,0.5
31 Jul 2012,0.5
01 Aug 2012,0.5
02 Aug 2012,0.5
03 Aug 2012,0.5
06 Aug 2012,0.5
07 Aug 2012,0.5
08 Aug 2012,0.5
09 Aug 2012,0.5
10 Aug 2012,0.5
13 Aug 2012,0.5
14 Aug 2012,0.5
15 Aug 2012,0.5
16 Aug 2012,0.5
17 Aug 2012,0.5
20 Aug 2012,0.5
21 Aug 2012,0.5
22 Aug 2012,0.5
23 Aug 2012,0.5
24 Aug 2012,0.5
28 Aug 2012,0.5
29 Aug 2012,0.5
30 Aug 2012,0.5
31 Aug 2012,0.5
03 Sep 2012,0.5
04 Sep 2012,0.5
05 Sep 2012,0.5
06 Sep 2012,0.5
07 Sep 2012,0.5
10 Sep 2012,0.5
11 Sep 2012,0.5
12 Sep 2012,0.5
13 Sep 2012,0.5
14 Sep 2012,0.5
17 Sep 2012,0.5
18 Sep 2012,0.5
19 Sep 2012,0.5
20 Sep 2012,0.5
21 Sep 2012,0.5
24 Sep 2012,0.5
25 Sep 2012,0.5
26 Sep 2012,0.5
27 Sep 2012,0.5
28 Sep 2012,0.5
01 Oct 2012,0.5
02 Oct 2012,0.5
03 Oct 2012,0.5
04 Oct 2012,0.5
05 Oct 2012,0.5
08 Oct 2012,0.5
09 Oct 2012,0.5
10 Oct 2012,0.5
11 Oct 2012,0.5
12 Oct 2012,0.5
15 Oct 2012,0.5
16 Oct 2012,0.5
17 Oct 2012,0.5
18 Oct 2012,0.5
19 Oct 2012,0.5
22 Oct 2012,0.5
23 Oct 2012,0.5
24 Oct 2012,0.5
25 Oct 2012,0.5
26 Oct 2012,0.5
29 Oct 2012,0.5
30 Oct 2012,0.5
31 Oct 2012,0.5
01 Nov 2012,0.5
02 Nov 2012,0.5
05 Nov 2012,0.5
06 Nov 2012,0.5
07 Nov 2012,0.5
08 Nov 2012,0.5
09 Nov 2012,0.5
12 Nov 2012,0.5
13 Nov 2012,0.5
14 Nov 2012,0.5
15 Nov 2012,0.5
16 Nov 2012,0.5
19 Nov 2012,0.5
20 Nov 2012,0.5
21 Nov 2012,0.5
22 Nov 2012,0.5
23 Nov 2012,0.5
26 Nov 2012,0.5
27 Nov 2012,0.5
28 Nov 2012,0.5
29 Nov 2012,0.5
30 Nov 2012,0.5
03 Dec 2012,0.5
04 Dec 2012,0.5
05 Dec 2012,0.5
06 Dec 2012,0.5
07 Dec 2012,0.5
10 Dec 2012,0.5
11 Dec 2012,0.5
12 Dec 2012,0.5
13 Dec 2012,0.5
14 Dec 2012,0.5
17 Dec 2012,0.5
18 Dec 2012,0.5
19 Dec 2012,0.5
20 Dec 2012,0.5
21 Dec 2012,0.5
24 Dec 2012,0.5
27 Dec 2012,0.5
28 Dec 2012,0.5
31 Dec 2012,0.5
02 Jan 2013,0.5
03 Jan 2013,0.5
04 Jan 2013,0.5
07 Jan 2013,0.5
08 Jan 2013,0.5
09 Jan 2013,0.5
10 Jan 2013,0.5
11 Jan 2013,0.5
14 Jan 2013,0.5
15 Jan 2013,0.5
16 Jan 2013,0.5
17 Jan 2013,0.5
18 Jan 2013,0.5
21 Jan 2013,0.5
22 Jan 2013,0.5
23 Jan 2013,0.5
24 Jan 2013,0.5
25 Jan 2013,0.5
28 Jan 2013,0.5
29 Jan 2013,0.5
30 Jan 2013,0.5
31 Jan 2013,0.5
01 Feb 2013,0.5
04 Feb 2013,0.5
05 Feb 2013,0.5
06 Feb 2013,0.5
07 Feb 2013,0.5
08 Feb 2013,0.5
11 Feb 2013,0.5
12 Feb 2013,0.5
13 Feb 2013,0.5
14 Feb 2013,0.5
15 Feb 2013,0.5
18 Feb 2013,0.5
19 Feb 2013,0.5
20 Feb 2013,0.5
21 Feb 2013,0.5
22 Feb 2013,0.5
25 Feb 2013,0.5
26 Feb 2013,0.5
27 Feb 2013,0.5
28 Feb 2013,0.5
01 Mar 2013,0.5
04 Mar 2013,0.5
05 Mar 2013,0.5
06 Mar 2013,0.5
07 Mar 2013,0.5
08 Mar 2013,0.5
11 Mar 2013,0.5
12 Mar 2013,0.5
13 Mar 2013,0.5
14 Mar 2013,0.5
15 Mar 2013,0.5
18 Mar 2013,0.5
19 Mar 2013,0.5
20 Mar 2013,0.5
21 Mar 2013,0.5
22 Mar 2013,0.5
25 Mar 2013,0.5
26 Mar 2013,0.5
27 Mar 2013,0.5
28 Mar 2013,0.5
02 Apr 2013,0.5
03 Apr 2013,0.5
04 Apr 2013,0.5
05 Apr 2013,0.5
08 Apr 2013,0.5
09 Apr 2013,0.5
10 Apr 2013,0.5
11 Apr 2013,0.5
12 Apr 2013,0.5
15 Apr 2013,0.5
16 Apr 2013,0.5
17 Apr 2013,0.5
18 Apr 2013,0.5
19 Apr 2013,0.5
22 Apr 2013,0.5
23 Apr 2013,0.5
24 Apr 2013,0.5
25 Apr 2013,0.5
26 Apr 2013,0.5
29 Apr 2013,0.5
30 Apr 2013,0.5
01 May 2013,0.5
02 May 2013,0.5
03 May 2013,0.5
07 May 2013,0.5
08 May 2013,0.5
09 May 2013,0.5
10 May 2013,0.5
13 May 2013,0.5
14 May 2013,0.5
15 May 2013,0.5
16 May 2013,0.5
17 May 2013,0.5
20 May 2013,0.5
21 May 2013,0.5
22 May 2013,0.5
23 May 2013,0.5
24 May 2013,0.5
28 May 2013,0.5
29 May 2013,0.5
30 May 2013,0.5
31 May 2013,0.5
03 Jun 2013,0.5
04 Jun 2013,0.5
05 Jun 2013,0.5
06 Jun 2013,0.5
07 Jun 2013,0.5
10 Jun 2013,0.5
11 Jun 2013,0.5
12 Jun 2013,0.5
13 Jun 2013,0.5
14 Jun 2013,0.5
17 Jun 2013,0.5
18 Jun 2013,0.5
19 Jun 2013,0.5
20 Jun 2013,0.5
21 Jun 2013,0.5
24 Jun 2013,0.5
25 Jun 2013,0.5
26 Jun 2013,0.5
27 Jun 2013,0.5
28 Jun 2013,0.5
01 Jul 2013,0.5
02 Jul 2013,0.5
03 Jul 2013,0.5
04 Jul 2013,0.5
05 Jul 2013,0.5
08 Jul 2013,0.5
09 Jul 2013,0.5
10 Jul 2013,0.5
11 Jul 2013,0.5
12 Jul 2013,0.5
15 Jul 2013,0.5
16 Jul 2013,0.5
17 Jul 2013,0.5
18 Jul 2013,0.5
19 Jul 2013,0.5
22 Jul 2013,0.5
23 Jul 2013,0.5
24 Jul 2013,0.5
25 Jul 2013,0.5
26 Jul 2013,0.5
29 Jul 2013,0.5
30 Jul 2013,0.5
31 Jul 2013,0.5
01 Aug 2013,0.5
02 Aug 2013,0.5
05 Aug 2013,0.5
06 Aug 2013,0.5
07 Aug 2013,0.5
08 Aug 2013,0.5
09 Aug 2013,0.5
12 Aug 2013,0.5
13 Aug 2013,0.5
14 Aug 2013,0.5
15 Aug 2013,0.5
16 Aug 2013,0.5
19 Aug 2013,0.5
20 Aug 2013,0.5
21 Aug 2013,0.5
22 Aug 2013,0.5
23 Aug 2013,0.5
27 Aug 2013,0.5
28 Aug 2013,0.5
29 Aug 2013,0.5
30 Aug 2013,0.5
02 Sep 2013,0.5
03 Sep 2013,0.5
04 Sep 2013,0.5
05 Sep 2013,0.5
06 Sep 2013,0.5
09 Sep 2013,0.5
10 Sep 2013,0.5
11 Sep 2013,0.5
12 Sep 2013,0.5
13 Sep 2013,0.5
16 Sep 2013,0.5
17 Sep 2013,0.5
18 Sep 2013,0.5
19 Sep 2013,0.5
20 Sep 2013,0.5
23 Sep 2013,0.5
24 Sep 2013,0.5
25 Sep 2013,0.5
26 Sep 2013,0.5
27 Sep 2013,0.5
30 Sep 2013,0.5
01 Oct 2013,0.5
02 Oct 2013,0.5
03 Oct 2013,0.5
04 Oct 2013,0.5
07 Oct 2013,0.5
08 Oct 2013,0.5
09 Oct 2013,0.5
10 Oct 2013,0.5
11 Oct 2013,0.5
14 Oct 2013,0.5
15 Oct 2013,0.5
16 Oct 2013,0.5
17 Oct 2013,0.5
18 Oct 2013,0.5
21 Oct 2013,0.5
22 Oct 2013,0.5
23 Oct 2013,0.5
24 Oct 2013,0.5
25 Oct 2013,0.5
28 Oct 2013,0.5
29 Oct 2013,0.5
30 Oct 2013,0.5
31 Oct 2013,0.5
01 Nov 2013,0.5
04 Nov 2013,0.5
05 Nov 2013,0.5
06 Nov 2013,0.5
07 Nov 2013,0.5
08 Nov 2013,0.5
11 Nov 2013,0.5
12 Nov 2013,0.5
13 Nov 2013,0.5
14 Nov 2013,0.5
15 Nov 2013,0.5
18 Nov 2013,0.5
19 Nov 2013,0.5
20 Nov 2013,0.5
21 Nov 2013,0.5
22 Nov 2013,0.5
25 Nov 2013,0.5
26 Nov 2013,0.5
27 Nov 2013,0.5
28 Nov 2013,0.5
29 Nov 2013,0.5
02 Dec 2013,0.5
03 Dec 2013,0.5
04 Dec 2013,0.5
05 Dec 2013,0.5
06 Dec 2013,0.5
09 Dec 2013,0.5
10 Dec 2013,0.5
11 Dec 2013,0.5
12 Dec 2013,0.5
13 Dec 2013,0.5
16 Dec 2013,0.5
17 Dec 2013,0.5
18 Dec 2013,0.5
19 Dec 2013,0.5
20 Dec 2013,0.5
23 Dec 2013,0.5
24 Dec 2013,0.5
27 Dec 2013,0.5
30 Dec 2013,0.5
31 Dec 2013,0.5
02 Jan 2014,0.5
03 Jan 2014,0.5
06 Jan 2014,0.5
07 Jan 2014,0.5
08 Jan 2014,0.5
09 Jan 2014,0.5
10 Jan 2014,0.5
13 Jan 2014,0.5
14 Jan 2014,0.5
15 Jan 2014,0.5
16 Jan 2014,0.5
17 Jan 2014,0.5
20 Jan 2014,0.5
21 Jan 2014,0.5
22 Jan 2014,0.5
23 Jan 2014,0.5
24 Jan 2014,0.5
27 Jan 2014,0.5
28 Jan 2014,0.5
29 Jan 2014,0.5
30 Jan 2014,0.5
31 Jan 2014,0.5
03 Feb 2014,0.5
04 Feb 2014,0.5
05 Feb 2014,0.5
06 Feb 2014,0.5
07 Feb 2014,0.5
10 Feb 2014,0.5
11 Feb 2014,0.5
12 Feb 2014,0.5
13 Feb 2014,0.5
14 Feb 2014,0.5
17 Feb 2014,0.5
18 Feb 2014,0.5
19 Feb 2014,0.5
20 Feb 2014,0.5
21 Feb 2014,0.5
24 Feb 2014,0.5
25 Feb 2014,0.5
26 Feb 2014,0.5
27 Feb 2014,0.5
28 Feb 2014,0.5
03 Mar 2014,0.5
04 Mar 2014,0.5
05 Mar 2014,0.5
06 Mar 2014,0.5
07 Mar 2014,0.5
10 Mar 2014,0.5
11 Mar 2014,0.5
12 Mar 2014,0.5
13 Mar 2014,0.5
14 Mar 2014,0.5
17 Mar 2014,0.5
18 Mar 2014,0.5
19 Mar 2014,0.5
20 Mar 2014,0.5
21 Mar 2014,0.5
24 Mar 2014,0.5
25 Mar 2014,0.5
26 Mar 2014,0.5
27 Mar 2014,0.5
28 Mar 2014,0.5
31 Mar 2014,0.5
01 Apr 2014,0.5
02 Apr 2014,0.5
03 Apr 2014,0.5
04 Apr 2014,0.5
07 Apr 2014,0.5
08 Apr 2014,0.5
09 Apr 2014,0.5
10 Apr 2014,0.5
11 Apr 2014,0.5
14 Apr 2014,0.5
15 Apr 2014,0.5
16 Apr 2014,0.5
17 Apr 2014,0.5
22 Apr 2014,0.5
23 Apr 2014,0.5
24 Apr 2014,0.5
25 Apr 2014,0.5
28 Apr 2014,0.5
29 Apr 2014,0.5
30 Apr 2014,0.5
01 May 2014,0.5
02 May 2014,0.5
06 May 2014,0.5
07 May 2014,0.5
08 May 2014,0.5
09 May 2014,0.5
12 May 2014,0.5
13 May 2014,0.5
14 May 2014,0.5
15 May 2014,0.5
16 May 2014,0.5
19 May 2014,0.5
20 May 2014,0.5
21 May 2014,0.5
22 May 2014,0.5
23 May 2014,0.5
27 May 2014,0.5
28 May 2014,0.5
29 May 2014,0.5
30 May 2014,0.5
02 Jun 2014,0.5
03 Jun 2014,0.5
04 Jun 2014,0.5
05 Jun 2014,0.5
06 Jun 2014,0.5
09 Jun 2014,0.5
10 Jun 2014,0.5
11 Jun 2014,0.5
12 Jun 2014,0.5
13 Jun 2014,0.5
16 Jun 2014,0.5
17 Jun 2014,0.5
18 Jun 2014,0.5
19 Jun 2014,0.5
20 Jun 2014,0.5
23 Jun 2014,0.5
24 Jun 2014,0.5
25 Jun 2014,0.5
26 Jun 2014,0.5
27 Jun 2014,0.5
30 Jun 2014,0.5
01 Jul 2014,0.5
02 Jul 2014,0.5
03 Jul 2014,0.5
04 Jul 2014,0.5
07 Jul 2014,0.5
08 Jul 2014,0.5
09 Jul 2014,0.5
10 Jul 2014,0.5
11 Jul 2014,0.5
14 Jul 2014,0.5
15 Jul 2014,0.5
16 Jul 2014,0.5
17 Jul 2014,0.5
18 Jul 2014,0.5
21 Jul 2014,0.5
22 Jul 2014,0.5
23 Jul 2014,0.5
24 Jul 2014,0.5
25 Jul 2014,0.5
28 Jul 2014,0.5
29 Jul 2014,0.5
30 Jul 2014,0.5
31 Jul 2014,0.5
01 Aug 2014,0.5
04 Aug 2014,0.5
05 Aug 2014,0.5
06 Aug 2014,0.5
07 Aug 2014,0.5
08 Aug 2014,0.5
11 Aug 2014,0.5
12 Aug 2014,0.5
13 Aug 2014,0.5
14 Aug 2014,0.5
15 Aug 2014,0.5
18 Aug 2014,0.5
19 Aug 2014,0.5
20 Aug 2014,0.5
21 Aug 2014,0.5
22 Aug 2014,0.5
26 Aug 2014,0.5
27 Aug 2014,0.5
28 Aug 2014,0.5
29 Aug 2014,0.5
01 Sep 2014,0.5
02 Sep 2014,0.5
03 Sep 2014,0.5
04 Sep 2014,0.5
05 Sep 2014,0.5
08 Sep 2014,0.5
09 Sep 2014,0.5
10 Sep 2014,0.5
11 Sep 2014,0.5
12 Sep 2014,0.5
15 Sep 2014,0.5
16 Sep 2014,0.5
17 Sep 2014,0.5
18 Sep 2014,0.5
19 Sep 2014,0.5
22 Sep 2014,0.5
23 Sep 2014,0.5
24 Sep 2014,0.5
25 Sep 2014,0.5
26 Sep 2014,0.5
29 Sep 2014,0.5
30 Sep 2014,0.5
01 Oct 2014,0.5
02 Oct 2014,0.5
03 Oct 2014,0.5
06 Oct 2014,0.5
07 Oct 2014,0.5
08 Oct 2014,0.5
09 Oct 2014,0.5
10 Oct 2014,0.5
13 Oct 2014,0.5
14 Oct 2014,0.5
15 Oct 2014,0.5
16 Oct 2014,0.5
17 Oct 2014,0.5
20 Oct 2014,0.5
21 Oct 2014,0.5
22 Oct 2014,0.5
23 Oct 2014,0.5
24 Oct 2014,0.5
27 Oct 2014,0.5
28 Oct 2014,0.5
29 Oct 2014,0.5
30 Oct 2014,0.5
31 Oct 2014,0.5
03 Nov 2014,0.5
04 Nov 2014,0.5
05 Nov 2014,0.5
06 Nov 2014,0.5
07 Nov 2014,0.5
10 Nov 2014,0.5
11 Nov 2014,0.5
12 Nov 2014,0.5
13 Nov 2014,0.5
14 Nov 2014,0.5
17 Nov 2014,0.5
18 Nov 2014,0.5
19 Nov 2014,0.5
20 Nov 2014,0.5
21 Nov 2014,0.5
24 Nov 2014,0.5
25 Nov 2014,0.5
26 Nov 2014,0.5
27 Nov 2014,0.5
28 Nov 2014,0.5
01 Dec 2014,0.5
02 Dec 2014,0.5
03 Dec 2014,0.5
04 Dec 2014,0.5
05 Dec 2014,0.5
08 Dec 2014,0.5
09 Dec 2014,0.5
10 Dec 2014,0.5
11 Dec 2014,0.5
12 Dec 2014,0.5
15 Dec 2014,0.5
16 Dec 2014,0.5
17 Dec 2014,0.5
18 Dec 2014,0.5
19 Dec 2014,0.5
22 Dec 2014,0.5
23 Dec 2014,0.5
24 Dec 2014,0.5
29 Dec 2014,0.5
30 Dec 2014,0.5
31 Dec 2014,0.5
02 Jan 2015,0.5
05 Jan 2015,0.5
06 Jan 2015,0.5
07 Jan 2015,0.5
08 Jan 2015,0.5
09 Jan 2015,0.5
12 Jan 2015,0.5
13 Jan 2015,0.5
14 Jan 2015,0.5
15 Jan 2015,0.5
16 Jan 2015,0.5
19 Jan 2015,0.5
20 Jan 2015,0.5
21 Jan 2015,0.5
22 Jan 2015,0.5
23 Jan 2015,0.5
26 Jan 2015,0.5
27 Jan 2015,0.5
28 Jan 2015,0.5
29 Jan 2015,0.5
30 Jan 2015,0.5
02 Feb 2015,0.5
03 Feb 2015,0.5
04 Feb 2015,0.5
05 Feb 2015,0.5
06 Feb 2015,0.5
09 Feb 2015,0.5
10 Feb 2015,0.5
11 Feb 2015,0.5
12 Feb 2015,0.5
13 Feb 2015,0.5
16 Feb 2015,0.5
17 Feb 2015,0.5
18 Feb 2015,0.5
19 Feb 2015,0.5
20 Feb 2015,0.5
23 Feb 2015,0.5
24 Feb 2015,0.5
25 Feb 2015,0.5
26 Feb 2015,0.5
27 Feb 2015,0.5
02 Mar 2015,0.5
03 Mar 2015,0.5
04 Mar 2015,0.5
05 Mar 2015,0.5
06 Mar 2015,0.5
09 Mar 2015,0.5
10 Mar 2015,0.5
11 Mar 2015,0.5
12 Mar 2015,0.5
13 Mar 2015,0.5
16 Mar 2015,0.5
17 Mar 2015,0.5
18 Mar 2015,0.5
19 Mar 2015,0.5
20 Mar 2015,0.5
23 Mar 2015,0.5
24 Mar 2015,0.5
25 Mar 2015,0.5
26 Mar 2015,0.5
27 Mar 2015,0.5
30 Mar 2015,0.5
31 Mar 2015,0.5
01 Apr 2015,0.5
02 Apr 2015,0.5
07 Apr 2015,0.5
08 Apr 2015,0.5
09 Apr 2015,0.5
10 Apr 2015,0.5
13 Apr 2015,0.5
14 Apr 2015,0.5
15 Apr 2015,0.5
16 Apr 2015,0.5
17 Apr 2015,0.5
20 Apr 2015,0.5
21 Apr 2015,0.5
22 Apr 2015,0.5
23 Apr 2015,0.5
24 Apr 2015,0.5
27 Apr 2015,0.5
28 Apr 2015,0.5
29 Apr 2015,0.5
30 Apr 2015,0.5
01 May 2015,0.5
05 May 2015,0.5
06 May 2015,0.5
07 May 2015,0.5
08 May 2015,0.5
11 May 2015,0.5
12 May 2015,0.5
13 May 2015,0.5
14 May 2015,0.5
15 May 2015,0.5
18 May 2015,0.5
19 May 2015,0.5
20 May 2015,0.5
21 May 2015,0.5
22 May 2015,0.5
26 May 2015,0.5
27 May 2015,0.5
28 May 2015,0.5
29 May 2015,0.5
01 Jun 2015,0.5
02 Jun 2015,0.5
03 Jun 2015,0.5
04 Jun 2015,0.5
05 Jun 2015,0.5
08 Jun 2015,0.5
09 Jun 2015,0.5
10 Jun 2015,0.5
11 Jun 2015,0.5
12 Jun 2015,0.5
15 Jun 2015,0.5
16 Jun 2015,0.5
17 Jun 2015,0.5
18 Jun 2015,0.5
19 Jun 2015,0.5
22 Jun 2015,0.5
23 Jun 2015,0.5
24 Jun 2015,0.5
25 Jun 2015,0.5
26 Jun 2015,0.5
29 Jun 2015,0.5
30 Jun 2015,0.5
01 Jul 2015,0.5
02 Jul 2015,0.5
03 Jul 2015,0.5
06 Jul 2015,0.5
07 Jul 2015,0.5
08 Jul 2015,0.5
09 Jul 2015,0.5
10 Jul 2015,0.5
13 Jul 2015,0.5
14 Jul 2015,0.5
15 Jul 2015,0.5
16 Jul 2015,0.5
17 Jul 2015,0.5
20 Jul 2015,0.5
21 Jul 2015,0.5
22 Jul 2015,0.5
23 Jul 2015,0.5
24 Jul 2015,0.5
27 Jul 2015,0.5
28 Jul 2015,0.5
29 Jul 2015,0.5
30 Jul 2015,0.5
31 Jul 2015,0.5
03 Aug 2015,0.5
04 Aug 2015,0.5
05 Aug 2015,0.5
06 Aug 2015,0.5
07 Aug 2015,0.5
10 Aug 2015,0.5
11 Aug 2015,0.5
12 Aug 2015,0.5
13 Aug 2015,0.5
14 Aug 2015,0.5
17 Aug 2015,0.5
18 Aug 2015,0.5
19 Aug 2015,0.5
20 Aug 2015,0.5
21 Aug 2015,0.5
24 Aug 2015,0.5
25 Aug 2015,0.5
26 Aug 2015,0.5
27 Aug 2015,0.5
28 Aug 2015,0.5
01 Sep 2015,0.5
02 Sep 2015,0.5
03 Sep 2015,0.5
04 Sep 2015,0.5
07 Sep 2015,0.5
08 Sep 2015,0.5
09 Sep 2015,0.5
10 Sep 2015,0.5
11 Sep 2015,0.5
14 Sep 2015,0.5
15 Sep 2015,0.5
16 Sep 2015,0.5
17 Sep 2015,0.5
18 Sep 2015,0.5
21 Sep 2015,0.5
22 Sep 2015,0.5
23 Sep 2015,0.5
24 Sep 2015,0.5
25 Sep 2015,0.5
28 Sep 2015,0.5
29 Sep 2015,0.5
30 Sep 2015,0.5
01 Oct 2015,0.5
02 Oct 2015,0.5
05 Oct 2015,0.5
06 Oct 2015,0.5
07 Oct 2015,0.5
08 Oct 2015,0.5
09 Oct 2015,0.5
12 Oct 2015,0.5
13 Oct 2015,0.5
14 Oct 2015,0.5
15 Oct 2015,0.5
16 Oct 2015,0.5
19 Oct 2015,0.5
20 Oct 2015,0.5
21 Oct 2015,0.5
22 Oct 2015,0.5
23 Oct 2015,0.5
26 Oct 2015,0.5
27 Oct 2015,0.5
28 Oct 2015,0.5
29 Oct 2015,0.5
30 Oct 2015,0.5
02 Nov 2015,0.5
03 Nov 2015,0.5
04 Nov 2015,0.5
05 Nov 2015,0.5
06 Nov 2015,0.5
09 Nov 2015,0.5
10 Nov 2015,0.5
11 Nov 2015,0.5
12 Nov 2015,0.5
13 Nov 2015,0.5
16 Nov 2015,0.5
17 Nov 2015,0.5
18 Nov 2015,0.5
19 Nov 2015,0.5
20 Nov 2015,0.5
23 Nov 2015,0.5
24 Nov 2015,0.5
25 Nov 2015,0.5
26 Nov 2015,0.5
27 Nov 2015,0.5
30 Nov 2015,0.5
01 Dec 2015,0.5
02 Dec 2015,0.5
03 Dec 2015,0.5
04 Dec 2015,0.5
07 Dec 2015,0.5
08 Dec 2015,0.5
09 Dec 2015,0.5
10 Dec 2015,0.5
11 Dec 2015,0.5
14 Dec 2015,0.5
15 Dec 2015,0.5
16 Dec 2015,0.5
17 Dec 2015,0.5
18 Dec 2015,0.5
21 Dec 2015,0.5
22 Dec 2015,0.5
23 Dec 2015,0.5
24 Dec 2015,0.5
29 Dec 2015,0.5
30 Dec 2015,0.5
31 Dec 2015,0.5
04 Jan 2016,0.5
05 Jan 2016,0.5
06 Jan 2016,0.5
07 Jan 2016,0.5
08 Jan 2016,0.5
11 Jan 2016,0.5
12 Jan 2016,0.5
13 Jan 2016,0.5
14 Jan 2016,0.5
15 Jan 2016,0.5
18 Jan 2016,0.5
19 Jan 2016,0.5
20 Jan 2016,0.5
21 Jan 2016,0.5
22 Jan 2016,0.5
25 Jan 2016,0.5
26 Jan 2016,0.5
27 Jan 2016,0.5
28 Jan 2016,0.5
29 Jan 2016,0.5
01 Feb 2016,0.5
02 Feb 2016,0.5
03 Feb 2016,0.5
04 Feb 2016,0.5
05 Feb 2016,0.5
08 Feb 2016,0.5
09 Feb 2016,0.5
10 Feb 2016,0.5
11 Feb 2016,0.5
12 Feb 2016,0.5
15 Feb 2016,0.5
16 Feb 2016,0.5
17 Feb 2016,0.5
18 Feb 2016,0.5
19 Feb 2016,0.5
22 Feb 2016,0.5
23 Feb 2016,0.5
24 Feb 2016,0.5
25 Feb 2016,0.5
26 Feb 2016,0.5
29 Feb 2016,0.5
01 Mar 2016,0.5
02 Mar 2016,0.5
03 Mar 2016,0.5
04 Mar 2016,0.5
07 Mar 2016,0.5
08 Mar 2016,0.5
09 Mar 2016,0.5
10 Mar 2016,0.5
11 Mar 2016,0.5
14 Mar 2016,0.5
15 Mar 2016,0.5
16 Mar 2016,0.5
17 Mar 2016,0.5
18 Mar 2016,0.5
21 Mar 2016,0.5
22 Mar 2016,0.5
23 Mar 2016,0.5
24 Mar 2016,0.5
29 Mar 2016,0.5
30 Mar 2016,0.5
31 Mar 2016,0.5
01 Apr 2016,0.5
04 Apr 2016,0.5
05 Apr 2016,0.5
06 Apr 2016,0.5
07 Apr 2016,0.5
08 Apr 2016,0.5
11 Apr 2016,0.5
12 Apr 2016,0.5
13 Apr 2016,0.5
14 Apr 2016,0.5
15 Apr 2016,0.5
18 Apr 2016,0.5
19 Apr 2016,0.5
20 Apr 2016,0.5
21 Apr 2016,0.5
22 Apr 2016,0.5
25 Apr 2016,0.5
26 Apr 2016,0.5
27 Apr 2016,0.5
28 Apr 2016,0.5
29 Apr 2016,0.5
03 May 2016,0.5
04 May 2016,0.5
05 May 2016,0.5
06 May 2016,0.5
09 May 2016,0.5
10 May 2016,0.5
11 May 2016,0.5
12 May 2016,0.5
13 May 2016,0.5
16 May 2016,0.5
17 May 2016,0.5
18 May 2016,0.5
19 May 2016,0.5
20 May 2016,0.5
23 May 2016,0.5
24 May 2016,0.5
25 May 2016,0.5
26 May 2016,0.5
27 May 2016,0.5
31 May 2016,0.5
01 Jun 2016,0.5
02 Jun 2016,0.5
03 Jun 2016,0.5
06 Jun 2016,0.5
07 Jun 2016,0.5
08 Jun 2016,0.5
09 Jun 2016,0.5
10 Jun 2016,0.5
13 Jun 2016,0.5
14 Jun 2016,0.5
15 Jun 2016,0.5
16 Jun 2016,0.5
17 Jun 2016,0.5
20 Jun 2016,0.5
21 Jun 2016,0.5
22 Jun 2016,0.5
23 Jun 2016,0.5
24 Jun 2016,0.5
27 Jun 2016,0.5
28 Jun 2016,0.5
29 Jun 2016,0.5
30 Jun 2016,0.5
01 Jul 2016,0.5
04 Jul 2016,0.5
05 Jul 2016,0.5
06 Jul 2016,0.5
07 Jul 2016,0.5
08 Jul 2016,0.5
11 Jul 2016,0.5
12 Jul 2016,0.5
13 Jul 2016,0.5
14 Jul 2016,0.5
15 Jul 2016,0.5
18 Jul 2016,0.5
19 Jul 2016,0.5
20 Jul 2016,0.5
21 Jul 2016,0.5
22 Jul 2016,0.5
25 Jul 2016,0.5
26 Jul 2016,0.5
27 Jul 2016,0.5
28 Jul 2016,0.5
29 Jul 2016,0.5
01 Aug 2016,0.5
02 Aug 2016,0.5
03 Aug 2016,0.5
04 Aug 2016,0.25
05 Aug 2016,0.25
08 Aug 2016,0.25
09 Aug 2016,0.25
10 Aug 2016,0.25
11 Aug 2016,0.25
12 Aug 2016,0.25
15 Aug 2016,0.25
16 Aug 2016,0.25
17 Aug 2016,0.25
18 Aug 2016,0.25
19 Aug 2016,0.25
22 Aug 2016,0.25
23 Aug 2016,0.25
24 Aug 2016,0.25
25 Aug 2016,0.25
26 Aug 2016,0.25
30 Aug 2016,0.25
31 Aug 2016,0.25
01 Sep 2016,0.25
02 Sep 2016,0.25
05 Sep 2016,0.25
06 Sep 2016,0.25
07 Sep 2016,0.25
08 Sep 2016,0.25
09 Sep 2016,0.25
12 Sep 2016,0.25
13 Sep 2016,0.25
14 Sep 2016,0.25
15 Sep 2016,0.25
16 Sep 2016,0.25
19 Sep 2016,0.25
20 Sep 2016,0.25
21 Sep 2016,0.25
22 Sep 2016,0.25
23 Sep 2016,0.25
26 Sep 2016,0.25
27 Sep 2016,0.25
28 Sep 2016,0.25
29 Sep 2016,0.25
30 Sep 2016,0.25
03 Oct 2016,0.25
04 Oct 2016,0.25
05 Oct 2016,0.25
06 Oct 2016,0.25
07 Oct 2016,0.25
10 Oct 2016,0.25
11 Oct 2016,0.25
12 Oct 2016,0.25
13 Oct 2016,0.25
14 Oct 2016,0.25
17 Oct 2016,0.25
18 Oct 2016,0.25
19 Oct 2016,0.25
20 Oct 2016,0.25
21 Oct 2016,0.25
24 Oct 2016,0.25
25 Oct 2016,0.25
26 Oct 2016,0.25
27 Oct 2016,0.25
28 Oct 2016,0.25
31 Oct 2016,0.25
01 Nov 2016,0.25
02 Nov 2016,0.25
03 Nov 2016,0.25
04 Nov 2016,0.25
07 Nov 2016,0.25
08 Nov 2016,0.25
09 Nov 2016,0.25
10 Nov 2016,0.25
11 Nov 2016,0.25
14 Nov 2016,0.25
15 Nov 2016,0.25
16 Nov 2016,0.25
17 Nov 2016,0.25
18 Nov 2016,0.25
21 Nov 2016,0.25
22 Nov 2016,0.25
23 Nov 2016,0.25
24 Nov 2016,0.25
25 Nov 2016,0.25
28 Nov 2016,0.25
29 Nov 2016,0.25
30 Nov 2016,0.25
01 Dec 2016,0.25
02 Dec 2016,0.25
05 Dec 2016,0.25
06 Dec 2016,0.25
07 Dec 2016,0.25
08 Dec 2016,0.25
09 Dec 2016,0.25
12 Dec 2016,0.25
13 Dec 2016,0.25
14 Dec 2016,0.25
15 Dec 2016,0.25
16 Dec 2016,0.25
19 Dec 2016,0.25
20 Dec 2016,0.25
21 Dec 2016,0.25
22 Dec 2016,0.25
23 Dec 2016,0.25
28 Dec 2016,0.25
29 Dec 2016,0.25
30 Dec 2016,0.25
03 Jan 2017,0.25
04 Jan 2017,0.25
05 Jan 2017,0.25
06 Jan 2017,0.25
09 Jan 2017,0.25
10 Jan 2017,0.25
11 Jan 2017,0.25
12 Jan 2017,0.25
13 Jan 2017,0.25
16 Jan 2017,0.25
17 Jan 2017,0.25
18 Jan 2017,0.25
19 Jan 2017,0.25
20 Jan 2017,0.25
23 Jan 2017,0.25
24 Jan 2017,0.25
25 Jan 2017,0.25
26 Jan 2017,0.25
27 Jan 2017,0.25
30 Jan 2017,0.25
31 Jan 2017,0.25
01 Feb 2017,0.25
02 Feb 2017,0.25
03 Feb 2017,0.25
06 Feb 2017,0.25
07 Feb 2017,0.25
08 Feb 2017,0.25
09 Feb 2017,0.25
10 Feb 2017,0.25
13 Feb 2017,0.25
14 Feb 2017,0.25
15 Feb 2017,0.25
16 Feb 2017,0.25
17 Feb 2017,0.25
20 Feb 2017,0.25
21 Feb 2017,0.25
22 Feb 2017,0.25
23 Feb 2017,0.25
24 Feb 2017,0.25
27 Feb 2017,0.25
28 Feb 2017,0.25
01 Mar 2017,0.25
02 Mar 2017,0.25
03 Mar 2017,0.25
06 Mar 2017,0.25
07 Mar 2017,0.25
08 Mar 2017,0.25
09 Mar 2017,0.25
10 Mar 2017,0.25
13 Mar 2017,0.25
14 Mar 2017,0.25
15 Mar 2017,0.25
16 Mar 2017,0.25
17 Mar 2017,0.25
20 Mar 2017,0.25
21 Mar 2017,0.25
22 Mar 2017,0.25
23 Mar 2017,0.25
24 Mar 2017,0.25
27 Mar 2017,0.25
28 Mar 2017,0.25
29 Mar 2017,0.25
30 Mar 2017,0.25
31 Mar 2017,0.25
03 Apr 2017,0.25
04 Apr 2017,0.25
05 Apr 2017,0.25
06 Apr 2017,0.25
07 Apr 2017,0.25
10 Apr 2017,0.25
11 Apr 2017,0.25
12 Apr 2017,0.25
13 Apr 2017,0.25
18 Apr 2017,0.25
19 Apr 2017,0.25
20 Apr 2017,0.25
21 Apr 2017,0.25
24 Apr 2017,0.25
25 Apr 2017,0.25
26 Apr 2017,0.25
27 Apr 2017,0.25
28 Apr 2017,0.25
02 May 2017,0.25
03 May 2017,0.25
04 May 2017,0.25
05 May 2017,0.25
08 May 2017,0.25
09 May 2017,0.25
10 May 2017,0.25
11 May 2017,0.25
12 May 2017,0.25
15 May 2017,0.25
16 May 2017,0.25
17 May 2017,0.25
18 May 2017,0.25
19 May 2017,0.25
22 May 2017,0.25
23 May 2017,0.25
24 May 2017,0.25
25 May 2017,0.25
26 May 2017,0.25
30 May 2017,0.25
31 May 2017,0.25
01 Jun 2017,0.25
02 Jun 2017,0.25
05 Jun 2017,0.25
06 Jun 2017,0.25
07 Jun 2017,0.25
08 Jun 2017,0.25
09 Jun 2017,0.25
12 Jun 2017,0.25
13 Jun 2017,0.25
14 Jun 2017,0.25
15 Jun 2017,0.25
16 Jun 2017,0.25
19 Jun 2017,0.25
20 Jun 2017,0.25
21 Jun 2017,0.25
22 Jun 2017,0.25
23 Jun 2017,0.25
26 Jun 2017,0.25
27 Jun 2017,0.25
28 Jun 2017,0.25
29 Jun 2017,0.25
30 Jun 2017,0.25
03 Jul 2017,0.25
04 Jul 2017,0.25
05 Jul 2017,0.25
06 Jul 2017,0.25
07 Jul 2017,0.25
10 Jul 2017,0.25
11 Jul 2017,0.25
12 Jul 2017,0.25
13 Jul 2017,0.25
14 Jul 2017,0.25
17 Jul 2017,0.25
18 Jul 2017,0.25
19 Jul 2017,0.25
20 Jul 2017,0.25
21 Jul 2017,0.25
24 Jul 2017,0.25
25 Jul 2017,0.25
26 Jul 2017,0.25
27 Jul 2017,0.25
28 Jul 2017,0.25
31 Jul 2017,0.25
01 Aug 2017,0.25
02 Aug 2017,0.25
03 Aug 2017,0.25
04 Aug 2017,0.25
07 Aug 2017,0.25
08 Aug 2017,0.25
09 Aug 2017,0.25
10 Aug 2017,0.25
11 Aug 2017,0.25
14 Aug 2017,0.25
15 Aug 2017,0.25
16 Aug 2017,0.25
17 Aug 2017,0.25
18 Aug 2017,0.25
21 Aug 2017,0.25
22 Aug 2017,0.25
23 Aug 2017,0.25
24 Aug 2017,0.25
25 Aug 2017,0.25
29 Aug 2017,0.25
30 Aug 2017,0.25
31 Aug 2017,0.25
01 Sep 2017,0.25
04 Sep 2017,0.25
05 Sep 2017,0.25
06 Sep 2017,0.25
07 Sep 2017,0.25
08 Sep 2017,0.25
11 Sep 2017,0.25
12 Sep 2017,0.25
13 Sep 2017,0.25
14 Sep 2017,0.25
15 Sep 2017,0.25
18 Sep 2017,0.25
19 Sep 2017,0.25
20 Sep 2017,0.25
21 Sep 2017,0.25
22 Sep 2017,0.25
25 Sep 2017,0.25
26 Sep 2017,0.25
27 Sep 2017,0.25
28 Sep 2017,0.25
29 Sep 2017,0.25
02 Oct 2017,0.25
03 Oct 2017,0.25
04 Oct 2017,0.25
05 Oct 2017,0.25
06 Oct 2017,0.25
09 Oct 2017,0.25
10 Oct 2017,0.25
11 Oct 2017,0.25
12 Oct 2017,0.25
13 Oct 2017,0.25
16 Oct 2017,0.25
17 Oct 2017,0.25
18 Oct 2017,0.25
19 Oct 2017,0.25
20 Oct 2017,0.25
23 Oct 2017,0.25
24 Oct 2017,0.25
25 Oct 2017,0.25
26 Oct 2017,0.25
27 Oct 2017,0.25
30 Oct 2017,0.25
31 Oct 2017,0.25
01 Nov 2017,0.25
02 Nov 2017,0.5
03 Nov 2017,0.5
06 Nov 2017,0.5
07 Nov 2017,0.5
08 Nov 2017,0.5
09 Nov 2017,0.5
10 Nov 2017,0.5
13 Nov 2017,0.5
14 Nov 2017,0.5
15 Nov 2017,0.5
16 Nov 2017,0.5
17 Nov 2017,0.5
20 Nov 2017,0.5
21 Nov 2017,0.5
22 Nov 2017,0.5
23 Nov 2017,0.5
24 Nov 2017,0.5
27 Nov 2017,0.5
28 Nov 2017,0.5
29 Nov 2017,0.5
30 Nov 2017,0.5
01 Dec 2017,0.5
04 Dec 2017,0.5
05 Dec 2017,0.5
06 Dec 2017,0.5
07 Dec 2017,0.5
08 Dec 2017,0.5
11 Dec 2017,0.5
12 Dec 2017,0.5
13 Dec 2017,0.5
14 Dec 2017,0.5
15 Dec 2017,0.5
18 Dec 2017,0.5
19 Dec 2017,0.5
20 Dec 2017,0.5
21 Dec 2017,0.5
22 Dec 2017,0.5
27 Dec 2017,0.5
28 Dec 2017,0.5
29 Dec 2017,0.5
02 Jan 2018,0.5
03 Jan 2018,0.5
04 Jan 2018,0.5
05 Jan 2018,0.5
08 Jan 2018,0.5
09 Jan 2018,0.5
10 Jan 2018,0.5
11 Jan 2018,0.5
12 Jan 2018,0.5
15 Jan 2018,0.5
16 Jan 2018,0.5
17 Jan 2018,0.5
18 Jan 2018,0.5
19 Jan 2018,0.5
22 Jan 2018,0.5
23 Jan 2018,0.5
24 Jan 2018,0.5
25 Jan 2018,0.5
26 Jan 2018,0.5
29 Jan 2018,0.5
30 Jan 2018,0.5
31 Jan 2018,0.5
01 Feb 2018,0.5
02 Feb 2018,0.5
05 Feb 2018,0.5
06 Feb 2018,0.5
07 Feb 2018,0.5
08 Feb 2018,0.5
09 Feb 2018,0.5
12 Feb 2018,0.5
13 Feb 2018,0.5
14 Feb 2018,0.5
15 Feb 2018,0.5
16 Feb 2018,0.5
19 Feb 2018,0.5
20 Feb 2018,0.5
21 Feb 2018,0.5
22 Feb 2018,0.5
23 Feb 2018,0.5
26 Feb 2018,0.5
27 Feb 2018,0.5
28 Feb 2018,0.5
01 Mar 2018,0.5
02 Mar 2018,0.5
05 Mar 2018,0.5
06 Mar 2018,0.5
07 Mar 2018,0.5
08 Mar 2018,0.5
09 Mar 2018,0.5
12 Mar 2018,0.5
13 Mar 2018,0.5
14 Mar 2018,0.5
15 Mar 2018,0.5
16 Mar 2018,0.5
19 Mar 2018,0.5
20 Mar 2018,0.5
21 Mar 2018,0.5
22 Mar 2018,0.5
23 Mar 2018,0.5
26 Mar 2018,0.5
27 Mar 2018,0.5
28 Mar 2018,0.5
29 Mar 2018,0.5
03 Apr 2018,0.5
04 Apr 2018,0.5
05 Apr 2018,0.5
06 Apr 2018,0.5
09 Apr 2018,0.5
10 Apr 2018,0.5
11 Apr 2018,0.5
12 Apr 2018,0.5
13 Apr 2018,0.5
16 Apr 2018,0.5
17 Apr 2018,0.5
18 Apr 2018,0.5
19 Apr 2018,0.5
20 Apr 2018,0.5
23 Apr 2018,0.5
24 Apr 2018,0.5
25 Apr 2018,0.5
26 Apr 2018,0.5
27 Apr 2018,0.5
30 Apr 2018,0.5
01 May 2018,0.5
02 May 2018,0.5
03 May 2018,0.5
04 May 2018,0.5
08 May 2018,0.5
09 May 2018,0.5
10 May 2018,0.5
11 May 2018,0.5
14 May 2018,0.5
15 May 2018,0.5
16 May 2018,0.5
17 May 2018,0.5
18 May 2018,0.5
21 May 2018,0.5
22 May 2018,0.5
23 May 2018,0.5
24 May 2018,0.5
25 May 2018,0.5
29 May 2018,0.5
30 May 2018,0.5
31 May 2018,0.5
01 Jun 2018,0.5
